fecha;dolar_precio;total_dolar;total_local;material_1;cantidad_1;costo_dolar_1;costo_local_1;comprado_en_dolares_1;proveedor_1
2017-08-21;16280.05;0;0;FRANELA;1;2.76411927481795;0;1;10
2017-08-23;16845.07;0;0;FRANELA NIÑO;6;1.48411374960152;0;1;10
2017-08-23;16845.07;0;0;FRANELA;5;1.06856189971309;0;1;10
2017-08-23;16845.07;0;0;FRANELA;3;1.42474919961746;0;1;10
2017-08-23;16845.07;0;0;FRANELA;1;1.54347829958558;0;1;10
2017-08-23;16845.07;0;0;FRANELILLA;3;1.78093649952182;0;1;10
2017-08-23;16845.07;0;0;FRANELA NIÑO;2;1.48411374960152;0;1;10
2017-08-23;16845.07;0;0;FRANELILLA;2;2.37458199936242;0;1;10
2017-08-23;16845.07;0;0;FRANELILLA;1;2.67140474928273;0;1;10
2017-08-23;16845.07;0;0;FRANELA NIÑO;2;1.48411374960152;0;1;10
2017-08-23;16845.07;0;0;FRANELILLA;1;1.18729099968121;0;1;10
2017-08-23;16845.07;0;0;FRANELA;1;2.67140474928273;0;1;10
2017-08-23;16845.07;0;0;FRANELILLA;2;2.37458199936242;0;1;10
2017-08-23;16845.07;0;0;FRANELA;9;2.49331109933054;0;1;10
2017-08-24;16850.47;0;0;FRANELA;1;3.26400391205705;0;1;10
2017-08-24;16850.47;0;0;FRANELILLA;1;2.49251207829811;0;1;10
2017-08-24;16850.47;0;0;FRANELILLA;1;2.61120312964564;0;1;10
2017-08-24;16850.47;0;0;FRANELILLA;1;2.67054865531941;0;1;10
2017-08-24;16850.47;0;0;FRANELA NIÑO;1;1.48363814184411;0;1;10
2017-08-24;16850.47;0;0;FRANELA NIÑO;1;1.48363814184411;0;1;10
2017-08-28;16891.95;0;0;FRANELILLA;1;3.07838941034043;0;1;10
2017-08-29;17562.56;0;0;FRANELA;1;2.39145090465171;0;1;10
2017-08-29;17562.56;0;0;FRANELA;1;2.73308674817339;0;1;10
2017-09-01;18470.97;0;0;FRANELA;5;2.598672403236;0;1;10
2017-09-01;18470.97;0;0;FRANELA;7;2.598672403236;0;1;10
2017-09-01;18470.97;0;0;FRANELILLA;5;2.32797736123224;0;1;10
2017-09-01;18470.97;0;0;FRANELA NIÑO;2;1.35347521001875;0;1;10
2017-09-02;18470.97;0;0;FRANELA;1;3.1400624872435;0;1;10
2017-09-02;18470.97;0;0;FRANELILLA;1;2.815228436839;0;1;10
2017-09-05;19490.97;0;0;FRANELILLA;10;1.79570334365093;0;1;10
2017-09-05;19490.97;0;0;FRANELILLA;1;2.05223239274392;0;1;10
2017-09-05;19490.97;0;0;FRANELA;2;2.30876144183691;0;1;10
2017-09-05;19490.97;0;0;FRANELA;2;2.30876144183691;0;1;10
2017-09-06;19870.85;0;0;FRANELA;1;2.81819851692303;0;1;10
2017-09-06;19870.85;0;0;FRANELA;1;3.01949841098896;0;1;10
2017-09-08;21105.95;0;0;FRANELA;1;3.12708027831014;0;1;10
2017-09-08;21105.95;0;0;FRANELILLA;1;2.46376021927466;0;1;10
2017-09-08;21105.95;0;0;FRANELA NIÑO;1;1.32664011807097;0;1;10
2017-09-08;21105.95;0;0;FRANELA NIÑO;1;1.51616013493825;0;1;10
2017-09-09;21105.95;0;0;FRANELA NIÑO;1;1.51616013493825;0;1;10
2017-09-10;21105.95;0;0;FRANELA;1;2.74804024457558;0;1;10
2017-09-11;21105.95;0;0;FRANELA;1;2.74804024457558;0;1;10
2017-09-12;21790.95;0;0;FRANELA;1;2.9369990753042;0;1;10
2017-09-13;22430.65;0;0;FRANELA NIÑO;1;1.24829195765615;0;1;10
2017-09-13;22430.65;0;0;FRANELA;1;2.58574762657346;0;1;10
2017-09-13;22430.65;0;0;FRANELA;1;2.49658391531231;0;1;10
2017-09-13;22430.65;0;0;FRANELA;1;2.49658391531231;0;1;10
2017-09-13;22430.65;0;0;FRANELA;1;2.67491133783461;0;1;10
2017-09-14;23218.54;0;0;FRANELA;1;2.58414181081153;0;1;10
2017-09-14;23218.54;0;0;FRANELA;1;2.67027987117192;0;1;10
2017-09-14;23218.54;0;0;FRANELA;1;2.7564179315323;0;1;10
2017-09-14;23218.54;0;0;FRANELA NIÑO;1;1.37820896576615;0;1;10
2017-09-15;23744.63;0;0;FRANELA;1;2.52688713195363;0;1;10
2017-09-15;23744.63;0;0;FRANELA;1;2.69534627408387;0;1;10
2017-09-15;23744.63;0;0;FRANELA;1;2.61111670301875;0;1;10
2017-09-15;23744.63;0;0;FRANELA;1;2.61111670301875;0;1;10
2017-09-15;23744.63;0;0;FRANELILLA;1;2.27419841875826;0;1;10
2017-09-15;23744.63;0;0;FRANELILLA;1;2.27419841875826;0;1;10
2017-09-15;23744.63;0;0;FRANELA;6;2.35842798982338;0;1;10
2017-09-16;23744.63;0;0;FRANELA;1;2.61111670301875;0;1;10
2017-09-20;23786.68;0;0;FRANELA;1;2.35425877003432;0;1;10
2017-09-20;23786.68;0;0;FRANELA;1;2.35425877003432;0;1;10
2017-09-20;23786.68;0;0;FRANELA;1;2.43833944039269;0;1;10
2017-09-24;22337.22;0;0;FRANELA;1;3.31285629993347;0;1;10
2017-09-24;22337.22;0;0;FRANELA NIÑO;1;1.56689149321178;0;1;10
2017-09-25;23781.34;0;0;FRANELA;1;3.27988246246847;0;1;10
2017-09-25;23781.34;0;0;FRANELA NIÑO;1;1.17739370447586;0;1;10
2017-09-26;25128.56;0;0;FRANELA NIÑO;1;1.392837472581;0;1;10
2017-09-28;28434.07;0;0;FRANELILLA;4;2.5497580895032;0;1;10
2017-09-28;28434.07;0;0;FRANELA;1;2.74318801353447;0;1;10
2017-10-01;29146.11;0;0;FRANELA;2;2.05859375402069;0;1;10
2017-10-01;29146.11;0;0;FRANELA;1;2.40169271302414;0;1;10
2017-10-03;29170.91;0;0;FRANELA;1;2.74245815437366;0;1;10
2017-10-03;29170.91;0;0;FRANELA;1;2.05684361578024;0;1;10
2017-10-06;26749.28;0;0;FRANELA;5;2.8038137848944;0;1;10
2017-10-06;26749.28;0;0;FRANELA;2;3.21503980667891;0;1;10
2017-10-06;26749.28;0;0;FRANELA;1;3.14027143908172;0;1;10
2017-10-07;26749.28;0;0;FRANELA NIÑO;2;1.49536735194368;0;1;10
2017-10-07;26749.28;0;0;FRANELA NIÑO;2;1.8692091899296;0;1;10
2017-10-07;26749.28;0;0;FRANELA;1;4.22441276924089;0;1;10
2017-10-09;26645.68;0;0;FRANELA NIÑO;1;1.31353375106209;0;1;10
2017-10-14;31109.3;0;0;FRANELA NIÑO;2;1.44651277913679;0;1;10
2017-10-15;31109.3;0;0;FRANELA NIÑO;1;1.7679600633894;0;1;10
2017-10-15;31109.3;0;0;FRANELILLA;1;2.82873610142305;0;1;10
2017-10-17;33348.41;0;0;FRANELILLA;3;1.28941679678281;0;1;10
2017-10-18;34101.73;0;0;FRANELA;1;2.75645839668545;0;1;10
2017-10-19;36201.18;0;0;FRANELA;12;2.15462589893478;0;1;10
2017-10-19;36201.18;0;0;FRANELA;3;2.20987271685619;0;1;10
2017-10-19;36201.18;0;0;FRANELA NIÑO;3;1.79552158244566;0;1;10
2017-10-20;38087.43;0;0;FRANELA NIÑO;2;1.44404597527321;0;1;10
2017-10-20;38087.43;0;0;FRANELA;1;2.46800584864875;0;1;10
2017-10-24;42715.91;0;0;FRANELA;1;2.10694329115311;0;1;10
2017-10-29;41152.81;0;0;FRANELA;1;2.91596126728649;0;1;10
2017-10-29;41152.81;0;0;FRANELA;1;2.91596126728649;0;1;10
2017-10-29;41152.81;0;0;FRANELA;1;3.40195481183423;0;1;10
2017-10-29;41152.81;0;0;FRANELA NIÑO;1;1.45798063364324;0;1;10
2017-10-29;41152.81;0;0;FRANELA;3;1.94397417819099;0;1;10
2017-10-29;41152.81;0;0;FRANELILLA;1;2.18697095046487;0;1;10
2017-10-29;41152.81;0;0;FRANELA NIÑO;3;1.45798063364324;0;1;10
2017-10-30;41243.87;0;0;FRANELA NIÑO;2;1.45476164094204;0;1;10
2017-10-30;41243.87;0;0;FRANELA;1;2.90952328188407;0;1;10
2017-10-30;41243.87;0;0;FRANELA;2;2.90952328188407;0;1;10
2017-10-30;41243.87;0;0;FRANELA NIÑO;3;1.57599177768721;0;1;10
2017-11-03;44347.76;0;0;FRANELA;1;2.25490532103538;0;1;10
2017-11-07;48532.11;0;0;FRANELA;1;2.67863894646246;0;1;10
2017-11-07;48532.11;0;0;FRANELA;1;2.67863894646246;0;1;10
2017-11-07;48532.11;0;0;FRANELA NIÑO;1;1.44234404809517;0;1;10
2017-11-07;48532.11;0;0;FRANELILLA;2;2.06049149727881;0;1;10
2017-11-07;48532.11;0;0;FRANELILLA;1;0.618147449183644;0;1;10
2017-11-07;48532.11;0;0;FRANELA;1;2.26654064700669;0;1;10
2017-11-07;48532.11;0;0;FRANELILLA;2;2.06049149727881;0;1;10
2017-11-07;48532.11;0;0;FRANELA;1;2.06049149727881;0;1;10
2017-11-07;48532.11;0;0;FRANELA;1;2.47258979673457;0;1;10
2017-11-07;48532.11;0;0;FRANELA;2;2.06049149727881;0;1;10
2017-11-08;49706.5;0;0;FRANELA NIÑO;6;1.40826652449881;0;1;10
2017-11-09;49830.98;0;0;FRANELA NIÑO;1;1.50508779879505;0;1;10
2017-11-09;49830.98;0;0;FRANELA;1;2.80949722441742;0;1;10
2017-11-10;52128.74;0;0;FRANELA;8;2.11016034532966;0;1;10
2017-11-14;57378.87;0;0;FRANELA;1;2.26564238717144;0;1;10
2017-11-15;60942.07;0;0;FRANELA;4;2.13317335627096;0;1;10
2017-11-15;60942.07;0;0;FRANELA NIÑO;2;1.31272206539752;0;1;10
2017-11-15;60942.07;0;0;FRANELA NIÑO;3;1.14863180722283;0;1;10
2017-11-15;60942.07;0;0;FRANELA;1;1.80499283992158;0;1;10
2017-11-16;65962.69;0;0;FRANELA;1;2.12241192710607;0;1;10
2017-11-16;65962.69;0;0;FRANELA NIÑO;1;1.36440766742533;0;1;10
2017-11-17;73218.75;0;0;FRANELA NIÑO;3;1.09261630388391;0;1;10
2017-11-17;73218.75;0;0;FRANELA;2;1.63892445582587;0;1;10
2017-11-17;73218.75;0;0;FRANELILLA;1;1.50234741784038;0;1;10
2017-11-20;81271.27;0;0;FRANELA;1;2.09176010169399;0;1;10
2017-11-22;82363.57;0;0;FRANELA;1;2.18543222446526;0;1;10
2017-11-23;81759.98;0;0;FRANELA;1;2.32387532384426;0;1;10
2017-11-23;81759.98;0;0;FRANELILLA;2;2.07925686870275;0;1;10
2017-11-23;81759.98;0;0;FRANELA;1;2.20156609627351;0;1;10
2017-11-23;81759.98;0;0;FRANELA;1;2.32387532384426;0;1;10
2017-11-27;84457.36;0;0;FRANELA;1;2.01285003462102;0;1;10
2017-11-27;84457.36;0;0;FRANELA;2;2.01285003462102;0;1;10
2017-11-27;84457.36;0;0;FRANELA NIÑO;2;1.42083531855602;0;1;10
2017-11-28;88235.61;0;0;FRANELA;2;2.03999269682614;0;1;10
2017-11-28;88235.61;0;0;FRANELA NIÑO;1;1.13332927601453;0;1;10
2017-12-04;108279.53;0;0;FRANELA;1;1.75471762760699;0;1;10
2017-12-05;103190.42;0;0;FRANELA;1;3.10106306379991;0;1;10
2017-12-06;98609.89;0;0;FRANELA NIÑO;1;1.72396501000052;0;1;10
2017-12-10;92778.11;0;0;FRANELA;1;3.44908944577552;0;1;10
2017-12-10;92778.11;0;0;FRANELA;1;3.66465753613649;0;1;10
2017-12-14;103555.08;0;0;FRANELA;2;3.28327688028438;0;1;10
2017-12-15;108198.44;0;0;FRANELA;1;2.95752877767923;0;1;10
2017-12-17;108198.44;0;0;FRANELA;1;2.95752877767923;0;1;10
2017-12-17;108198.44;0;0;FRANELA;1;3.14237432628419;0;1;10
2017-12-17;108198.44;0;0;FRANELA NIÑO;1;2.03330103465447;0;1;10
2017-12-18;115734.62;0;0;FRANELA NIÑO;1;1.9873050950528;0;1;10
2017-12-19;124190.13;0;0;FRANELA;1;2.57669429929738;0;1;10
2017-12-20;121205.72;0;0;FRANELA;20;2.47513071165289;0;1;10
2017-12-21;115265.19;0;0;FRANELA;1;2.51593737883918;0;1;10
2017-12-26;112137.87;0;0;FRANELA;1;3.38868573123424;0;1;10
2017-12-28;107128.11;0;0;FRANELA;3;3.5471548970667;0;1;10
2018-01-04;128446.21;0;0;FRANELA;1;2.33560803389995;0;1;10
2018-01-04;128446.21;0;0;FRANELA;1;2.72487603954994;0;1;10
2018-01-04;128446.21;0;0;FRANELA NIÑO;1;2.33560803389995;0;1;10
2018-01-05;136582.17;0;0;FRANELA;1;2.92863995351663;0;1;10
2018-01-05;136582.17;0;0;FRANELA;1;2.78220795584079;0;1;10
2018-01-06;136582.17;0;0;FRANELA;2;2.56255995932705;0;1;10
2018-01-06;136582.17;0;0;FRANELA;2;2.92863995351663;0;1;10
2018-01-06;136582.17;0;0;FRANELA;1;2.78220795584079;0;1;10
2018-01-06;136582.17;0;0;FRANELILLA;1;2.56255995932705;0;1;10
2018-01-06;136582.17;0;0;FRANELA NIÑO;1;1.97683196862372;0;1;10
2018-01-06;136582.17;0;0;FRANELA;1;2.56255995932705;0;1;10
2018-01-06;136582.17;0;0;FRANELA;2;2.56255995932705;0;1;10
2018-01-07;136582.17;0;0;FRANELA;1;2.56255995932705;0;1;10
2018-01-08;143274.69;0;0;FRANELA;1;2.79183992650761;0;1;10
2018-01-08;143274.69;0;0;FRANELA;1;2.0938799448807;0;1;10
2018-01-08;143274.69;0;0;FRANELA;1;2.0938799448807;0;1;10
2018-01-08;143274.69;0;0;FRANELA;1;2.65224793018223;0;1;10
2018-01-09;151496.94;0;0;FRANELA;1;2.31027768613676;0;1;10
2018-01-09;151496.94;0;0;FRANELA;1;2.31027768613676;0;1;10
2018-01-09;151496.94;0;0;FRANELA;2;2.31027768613676;0;1;10
2018-01-10;157541.72;0;0;FRANELA;1;2.22163373613034;0;1;10
2018-01-10;157541.72;0;0;FRANELA;1;2.22163373613034;0;1;10
2018-01-10;157541.72;0;0;FRANELA;1;2.22163373613034;0;1;10
2018-01-10;157541.72;0;0;FRANELA;1;2.79291098256386;0;1;10
2018-01-10;157541.72;0;0;FRANELA;4;2.22163373613034;0;1;10
2018-01-10;157541.72;0;0;FRANELA;1;2.22163373613034;0;1;10
2018-01-15;182492.35;0;0;FRANELA;1;2.63024724050077;0;1;10
2018-01-15;182492.35;0;0;FRANELA NIÑO;1;1.97268543037557;0;1;10
2018-01-15;182492.35;0;0;FRANELA;2;2.84943451054249;0;1;10
2018-01-15;182492.35;0;0;FRANELA;1;2.63024724050077;0;1;10
2018-01-15;182492.35;0;0;FRANELILLA;1;2.63024724050077;0;1;10
2018-01-15;182492.35;0;0;FRANELA;1;2.73984087552163;0;1;10
2018-01-19;211337.55;0;0;FRANELA;1;2.27124805790547;0;1;10
2018-01-19;211337.55;0;0;FRANELA NIÑO;1;1.7034360434291;0;1;10
2018-01-19;211337.55;0;0;FRANELA NIÑO;1;1.79807137917516;0;1;10
2018-01-19;211337.55;0;0;FRANELA NIÑO;1;1.89270671492122;0;1;10
2018-01-23;241664.88;0;0;FRANELA;1;2.40001774357946;0;1;10
2018-01-24;261517.23;0;0;FRANELILLA;2;2.60021108360623;0;1;10
2018-01-26;266630.76;0;0;FRANELA;1;2.62535350384929;0;1;10
2018-01-31;235782.12;0;0;FRANELA;1;2.9688425907783;0;1;10
2018-01-31;235782.12;0;0;FRANELA;1;2.9688425907783;0;1;10
2018-01-31;235782.12;0;0;FRANELA;1;2.9688425907783;0;1;10
2018-01-31;235782.12;0;0;FRANELA NIÑO;1;1.69648148044474;0;1;10
2018-02-02;224954.12;0;0;FRANELILLA;1;3.11174563062015;0;1;10
2018-02-15;237149.56;0;0;FRANELILLA;3;2.74088638410293;0;1;10
2018-02-15;237149.56;0;0;FRANELA;1;3.16256121242645;0;1;10
2018-02-16;236201.87;0;0;FRANELA;1;3.59861672560001;0;1;10
2018-02-16;236201.87;0;0;FRANELA;1;3.38693338880001;0;1;10
2018-02-18;236201.87;0;0;FRANELA;1;3.59861672560001;0;1;10
2018-02-19;234699.99;0;0;FRANELILLA;4;3.4086068772308;0;1;10
2018-03-03;216838.82;0;0;FRANELA;14;3.91996230195313;0;1;10
2018-03-04;216838.82;0;0;FRANELA NIÑO;4;2.30586017761949;0;1;10
2018-03-06;210226.73;0;0;FRANELA;1;4.04325368139437;0;1;10
2018-03-07;205899.46;0;0;FRANELA;2;4.7596045176612;0;1;10
2018-03-11;215778.05;0;0;FRANELA;3;4.4026720975558;0;1;10
2018-03-12;216164.25;0;0;FRANELA;1;4.39480626421807;0;1;10
2018-03-13;216732.61;0;0;FRANELA NIÑO;2;2.76838819963457;0;1;10
2018-03-16;226317.63;0;0;FRANELILLA;1;3.97671184520623;0;1;10
2018-03-16;226317.63;0;0;FRANELA;18;4.06508321954415;0;1;10
2018-03-17;226317.63;0;0;FRANELA;10;4.13136175029758;0;1;10
2018-03-26;235417.33;0;0;FRANELA;3;4.33273115449913;0;1;10
2018-03-26;235417.33;0;0;FRANELA NIÑO;4;3.12211509662438;0;1;10
2018-03-29;235998.21;0;0;FRANELILLA;1;4.23732027459022;0;1;10
2018-03-30;235998.21;0;0;FRANELA NIÑO;11;2.54239216475413;0;1;10
2018-04-04;251311.51;0;0;FRANELA;1;3.97912534925281;0;1;10
2018-04-04;251311.51;0;0;FRANELA;1;3.97912534925281;0;1;10
2018-04-04;251311.51;0;0;FRANELA;1;4.77495041910337;0;1;10
2018-04-04;251311.51;0;0;FRANELA;1;5.17286295402865;0;1;10
2018-04-04;251311.51;0;0;FRANELA NIÑO;2;3.58121281432753;0;1;10
2018-04-04;251311.51;0;0;FRANELA NIÑO;2;3.38225654686488;0;1;10
2018-04-04;251311.51;0;0;FRANELA;3;4.3770378841781;0;1;10
2018-04-05;265447.98;0;0;FRANELA;4;3.86139687331582;0;1;10
2018-04-06;305215.85;0;0;FRANELA;1;4.2592807680204;0;1;10
2018-04-10;371829.45;0;0;FRANELA NIÑO;2;2.15152403877638;0;1;10
2018-04-17;551230.09;0;0;FRANELA;1;3.08401161482313;0;1;10
2018-04-17;551230.09;0;0;FRANELA;1;3.2654240627539;0;1;10
2018-04-28;623765.77;0;0;FRANELA;3;4.00791470169963;0;1;10
2018-04-29;623765.77;0;0;FRANELA;1;5.45076399431152;0;1;10
2018-04-30;621498.49;0;0;FRANELA;5;5.63155028743514;0;1;10
2018-04-30;621498.49;0;0;FRANELA NIÑO;1;4.18343735638038;0;1;10
2018-04-30;621498.49;0;0;FRANELILLA;1;1.93081724140633;0;1;10
2018-04-30;621498.49;0;0;FRANELA NIÑO;1;3.7007330460288;0;1;10
2018-04-30;621498.49;0;0;FRANELA;6;4.02253591959652;0;1;10
2018-05-01;621498.49;0;0;FRANELA;5;5.63155028743514;0;1;10
2018-05-01;621498.49;0;0;FRANELA NIÑO;1;4.18343735638038;0;1;10
2018-05-05;643571.09;0;0;FRANELA;1;6.05993659534955;0;1;10
2018-05-05;643571.09;0;0;FRANELA;1;6.05993659534955;0;1;10
2018-05-05;643571.09;0;0;FRANELA NIÑO;1;4.35072370948173;0;1;10
2018-05-06;643571.09;0;0;FRANELA;4;5.9045536057252;0;1;10
2018-05-06;643571.09;0;0;FRANELA;2;5.43840463685215;0;1;10
2018-05-07;636771.03;0;0;FRANELA;1;6.12465048857515;0;1;10
2018-05-07;636771.03;0;0;FRANELA;4;5.49648120769565;0;1;10
2018-05-07;636771.03;0;0;FRANELA;3;5.49648120769563;0;1;10
2018-05-07;636771.03;0;0;FRANELA;1;6.28169280879502;0;1;10
2018-05-07;636771.03;0;0;FRANELA;3;5.49648120769563;0;1;10
2018-05-08;661824.52;0;0;FRANELA;2;5.74170325390785;0;1;10
2018-05-08;661824.52;0;0;FRANELA NIÑO;1;3.92853380530537;0;1;10
2018-05-08;661824.52;0;0;FRANELA NIÑO;1;4.5329236215062;0;1;10
2018-05-08;661824.52;0;0;FRANELA;1;5.28841089175723;0;1;10
2018-05-14;710845.12;0;0;FRANELA;2;6.0491376799492;0;1;10
2018-05-14;710845.12;0;0;FRANELA;1;4.92371671623771;0;1;10
2018-05-14;710845.12;0;0;FRANELA;1;5.34574957762951;0;1;10
2018-05-21;761545.1;0;0;FRANELA NIÑO;1;3.67673562603187;0;1;10
2018-05-21;761545.1;0;0;FRANELA;1;5.25247946575981;0;1;10
2018-05-21;761545.1;0;0;FRANELA;1;7.22215926541974;0;1;10
2018-05-21;761545.1;0;0;FRANELA;2;6.56559933219975;0;1;10
2018-05-21;761545.1;0;0;FRANELA;1;5.90903939897979;0;1;10
2018-05-21;761545.1;0;0;FRANELA;1;5.90903939897979;0;1;10
2018-05-24;879347.22;0;0;FRANELA NIÑO;2;3.41162163451202;0;1;10
2018-05-24;879347.22;0;0;FRANELA;6;5.30696699080938;0;1;10
2018-05-24;879347.22;0;0;FRANELA;2;4.32138740371523;0;1;10
2018-05-25;931821.56;0;0;FRANELA;1;6.43900104650938;0;1;10
2018-05-25;931821.56;0;0;FRANELILLA;1;4.29266736433958;0;1;10
2018-05-28;990754.12;0;0;FRANELA;2;6.3587926336355;0;1;10
2018-05-28;990754.12;0;0;FRANELA;1;6.5606590664493;0;1;10
2018-05-30;1143564.25;0;0;FRANELA;1;6.03376679535059;0;1;10
2018-05-30;1143564.25;0;0;FRANELA;1;6.29610448210496;0;1;10
2018-05-30;1143564.25;0;0;TAZA;1;3.9350653013156;0;1;10
2018-07-01;3405751.03;0;0;FRANELA;3;3.71919934499733;0;1;10
2018-07-02;3410625.2;0;0;FRANELA;1;5.27762475923769;0;1;10
2018-07-03;3408522.61;0;0;FRANELA NIÑO;1;2.05367568326032;0;1;10
2018-07-04;3500265.82;0;0;FRANELA;5;4.28538881655566;0;1;10
2018-07-05;3500265.82;0;0;FRANELILLA;2;3.42831105324452;0;1;10
2018-07-05;3500265.82;0;0;FRANELA;1;3.99969622878528;0;1;10
2018-07-08;3498521.75;0;0;FRANELA;1;4.57336016276017;0;1;10
2018-07-09;3495210.45;0;0;FRANELA;2;2.28884644127795;0;1;10
2018-07-09;3495210.45;0;0;FRANELA;1;4.5776928825559;0;1;10
2018-07-12;3411685.2;0;0;FRANELA;2;4.39665418134124;0;1;10
2018-07-12;3411685.2;0;0;FRANELA;1;4.9828747388534;0;1;10
2018-07-19;3722105;0;0;TAZA;1;2.95531695102637;0;1;10
2018-07-20;3619833.2;0;0;FRANELA NIÑO;3;1.93379076140856;0;1;10
2018-07-21;3619833.2;0;0;FRANELA;4;4.8344769035214;0;1;10
2018-07-22;3619833.2;0;0;TAZA;1;3.03881405364203;0;1;10
2018-07-24;3525573.02;0;0;TAZA;1;3.12006018244376;0;1;10
2018-07-30;3527230.71;0;0;FRANELA;1;5.38666210467418;0;1;10
2018-07-30;3527230.71;0;0;FRANELILLA;2;5.1031535728492;0;1;10
2018-08-13;4205184.2;0;0;FRANELA NIÑO;3;4.12189633294383;0;1;10
2018-08-13;4205184.2;0;0;TAZA;1;3.09142224970787;0;1;10
2018-08-14;4315688.91;0;0;FRANELA;3;4.78872946999943;0;1;10
2018-08-14;4315688.91;0;0;FRANELA NIÑO;12;2.54883987919324;0;1;10
2018-08-14;4315688.91;0;0;FRANELA;3;4.4025416095156;0;1;10
2018-08-15;4725940.1;0;0;FRANELA;2;4.76095750769249;0;1;10
2018-08-15;4725940.1;0;0;FRANELA;2;4.86675656341899;0;1;10
2018-08-15;4725940.1;0;0;TAZA;1;2.750775448889;0;1;10
2018-09-05;90.23;0;0;FRANELA;1;6.64967305774133;0;1;10
2018-09-05;90.23;0;0;FRANELA;1;6.09553363626288;0;1;10
2018-09-10;91.64;0;0;FRANELA;15;5.27422522915757;0;1;10
2018-09-11;92.37;0;0;FRANELA;8;7.57821803615893;0;1;10
2018-09-15;92.89;0;0;FRANELA;1;7.53579502637528;0;1;10
2018-09-18;92.33;0;0;TAZA;4;4.87382215964475;0;1;10
2018-09-17;92.11;0;0;FRANELA NIÑO;15;7.24134187384647;0;1;10
2018-09-17;92.11;0;0;FRANELA;19;8.00130279014221;0;1;10
2018-09-18;92.33;0;0;CARTUCHERA;1;3.79075056861259;0;1;10
2018-09-20;92.66;0;0;FRANELA;2;8.36391107273905;0;1;10
2018-09-21;93.08;0;0;FRANELA;1;8.59475719810915;0;1;10
2018-09-22;93.08;0;0;FRANELA;1;8.59475719810915;0;1;10
2018-09-22;93.08;0;0;CARTUCHERA;1;4.29737859905458;0;1;10
2018-09-22;93.08;0;0;FRANELA NIÑO;5;7.06918779544478;0;1;10
2018-09-22;93.08;0;0;BRAZALETE;1;2.57842715943275;0;1;10
2018-09-22;93.08;0;0;FRANELA NIÑO;1;4.72711645896003;0;1;10
2018-09-22;93.08;0;0;FRANELA;1;5.37172324881822;0;1;10
2018-09-22;93.08;0;0;TRIO;1;2.90073055436184;0;1;10
2018-09-25;96.3;0;0;FRANELA;1;7.78816199376947;0;1;10
2018-09-25;96.3;0;0;FRANELA;1;8.3073727933541;0;1;10
2018-09-25;96.3;0;0;FRANELA;1;4.67289719626168;0;1;10
2018-09-26;97.08;0;0;FRANELA;4;7.725587144623;0;1;10
2018-10-01;98.56;0;0;FRANELA NIÑO;12;3.25689935064935;0;1;10
2018-10-02;99.12;0;0;FRANELA;2;7.06214689265535;0;1;10
2018-10-02;99.12;0;0;FRANELA NIÑO;2;3.53107344632769;0;1;10
2018-10-03;101.34;0;0;FRANELA;1;4.93388592855733;0;1;10
2018-10-03;101.34;0;0;FRANELA;1;7.400828892836;0;1;10
2018-10-03;101.34;0;0;FRANELA NIÑO;1;3.94710874284587;0;1;10
2018-10-03;101.34;0;0;FRANELA;2;6.6607460035524;0;1;10
2018-10-07;102.97;0;0;GORRA;1;6.79809653297077;0;1;10
2018-10-16;136.05;0;0;FRANELA;1;5.88019110621095;0;1;10
2018-10-17;147.83;0;0;FRANELA;1;5.74984779814652;0;1;10
2018-10-20;167.36;0;0;FRANELA;1;3.28632887189292;0;1;10
2018-10-22;171.34;0;0;FRANELA;1;2.33453951208124;0;1;10
2018-10-22;171.34;0;0;FRANELA;1;4.08544414614217;0;1;10
2018-10-22;171.34;0;0;FRANELA;1;6.41998365822342;0;1;10
2018-10-22;171.34;0;0;FRANELA;1;5.83634878020311;0;1;10
2018-10-22;171.34;0;0;FRANELA;1;5.25271390218279;0;1;10
2018-10-22;171.34;0;0;FRANELA;2;2.91817439010156;0;1;10
2018-10-22;171.34;0;0;FRANELA;6;1.75090463406093;0;1;10
2018-10-24;191.07;0;0;FRANELA;2;5.2336839901607;0;1;10
2018-10-24;191.07;0;0;FRANELA;1;5.23368399016067;0;1;10
2018-10-27;212.31;0;0;FRANELA;2;2.82605623851915;0;1;10
2018-10-27;212.31;0;0;FRANELA;1;6.59413122321134;0;1;10
2018-10-27;212.31;0;0;FRANELA NIÑO;5;2.11954217888936;0;1;10
2018-10-27;212.31;0;0;FRANELA;1;2.59055155197588;0;1;10
2018-10-28;212.31;0;0;FRANELA;3;2.59055155197588;0;1;10
2018-10-29;230.05;0;0;FRANELA;1;5.21625733536188;0;1;10
2018-10-30;240.28;0;0;FRANELA;1;5.41035458631596;0;1;10
2018-10-30;240.28;0;0;FRANELA;1;2.70517729315798;0;1;10
2018-10-30;240.28;0;0;FRANELA;1;2.91326785417013;0;1;10
2018-11-01;235.68;0;0;FRANELA;1;6.36456211812627;0;1;10
2018-11-01;235.68;0;0;FRANELA;1;2.97012898845893;0;1;10
2018-11-02;236.4;0;0;FRANELA;1;2.53807106598985;0;1;10
2018-11-02;236.4;0;0;FRANELA;1;5.92216582064298;0;1;10
2018-11-03;236.4;0;0;GORRA;4;3.80710659898478;0;1;10
2018-11-04;236.4;0;0;FRANELA;12;2.53807106598985;0;1;10
2018-11-23;326.17;0;0;FRANELA;6;3.37247447649998;0;1;10
2018-11-05;236.4;0;0;FRANELA;1;2.53807106598985;0;1;10
2018-11-04;236.4;0;0;CARTUCHERA;1;3.70135363790186;0;1;10
2018-11-04;236.4;0;0;FRANELA;2;6.9796954314721;0;1;10
2018-11-05;236.4;0;0;GORRA;2;5.0761421319797;0;1;10
2018-11-05;236.4;0;0;TAZA;1;4.01861252115059;0;1;10
2018-11-05;236.4;0;0;CARTUCHERA;1;3.59560067681895;0;1;10
2018-11-06;239.81;0;0;FRANELA;2;2.50198073474834;0;1;10
2018-11-06;239.81;0;0;FRANELA;2;2.71047912931071;0;1;10
2018-11-06;239.81;0;0;FRANELA NIÑO;1;2.91897752387307;0;1;10
2018-11-06;239.81;0;0;FRANELA;1;3.33597431299779;0;1;10
2018-11-06;239.81;0;0;GORRA;1;5.21245986405905;0;1;10
2018-11-07;242.15;0;0;GORRA;3;5.36857319843073;0;1;10
2018-11-07;242.15;0;0;FRANELA;1;2.47780301466033;0;1;10
2018-11-07;242.15;0;0;FRANELA;2;2.47780301466033;0;1;10
2018-11-07;242.15;0;0;FRANELA NIÑO;4;2.06483584555028;0;1;10
2018-11-08;243.65;0;0;FRANELA;1;2.66776113277242;0;1;10
2018-11-09;250.74;0;0;GORRA;1;5.7031187684454;0;1;10
2018-11-10;250.74;0;0;FRANELA;3;6.58052165589853;0;1;10
2018-11-10;250.74;0;0;FRANELA;1;7.01922309962511;0;1;10
2018-11-10;250.74;0;0;FRANELA NIÑO;1;4.66618808327351;0;1;10
2018-11-10;250.74;0;0;FRANELILLA;4;4.14772274068758;0;1;10
2018-11-10;250.74;0;0;FRANELA NIÑO;1;3.19055595437505;0;1;10
2018-11-10;250.74;0;0;FRANELA NIÑO;1;3.42984765095318;0;1;10
2018-11-10;250.74;0;0;FRANELA;4;6.7400494536173;0;1;10
2018-11-10;250.74;0;0;GORRA;1;5.7031187684454;0;1;10
2018-11-10;250.74;0;0;FRANELA;1;2.79173646007817;0;1;10
2018-11-10;250.74;0;0;FRANELA;1;6.74004945361729;0;1;10
2018-11-10;250.74;0;0;FRANELA;1;6.22158411103135;0;1;10
2018-11-10;250.74;0;0;FRANELA;1;6.18170216160166;0;1;10
2018-11-14;260.09;0;0;FRANELILLA;1;4.99826982967434;0;1;10
2018-11-14;260.09;0;0;FRANELA;1;6.72844015533085;0;1;10
2018-11-14;260.09;0;0;FRANELA;1;6.53619900803568;0;1;10
2018-11-14;260.09;0;0;FRANELA;1;6.92068130262602;0;1;10
2018-11-14;260.09;0;0;FRANELA;1;5.92102733669115;0;1;10
2018-11-14;260.09;0;0;FRANELA;1;7.30516359721635;0;1;10
2018-11-15;263.35;0;0;FRANELA;1;6.0755648376685;0;1;10
2018-11-15;263.35;0;0;FRANELA;1;7.59445604708563;0;1;10
2018-11-17;270.41;0;0;GORRA;6;4.62261011057283;0;1;10
2018-11-17;270.41;0;0;FRANELA NIÑO;6;3.26541178210865;0;1;10
2018-11-17;270.41;0;0;FRANELA;5;6.87104766835546;0;1;10
2018-11-17;270.41;0;0;GORRA;1;6.21278798860989;0;1;10
2018-11-17;270.41;0;0;GORRA;1;5.91694094153323;0;1;10
2018-11-17;270.41;0;0;PORTA COSMETICO;6;4.99241891941867;0;1;10
2018-11-17;270.41;0;0;TULA;2;5.4250952257683;0;1;10
2018-11-17;270.41;0;0;BANDOLERA;1;5.42509522576828;0;1;10
2018-11-21;311.29;0;0;FRANELA;2;4.81865784316875;0;1;10
2018-11-21;311.29;0;0;FRANELA;2;4.4974139869575;0;1;10
2018-11-23;326.17;0;0;GORRA;1;6.43836036422724;0;1;10
2018-11-24;326.17;0;0;CARTUCHERA;1;5.67188889229543;0;1;10
2018-11-24;326.17;0;0;FRANELILLA;2;3.98565165404543;0;1;10
2018-11-26;333.24;0;0;FRANELA;1;3.00084023526587;0;1;10
2018-11-30;406.15;0;0;VASO;4;2.3390373014896;0;1;10
2018-11-30;406.15;0;0;CARTUCHERA;1;4.43186015019082;0;1;10
2018-12-01;406.15;0;0;VASO;3;8.33333333333333;0;1;10
2018-12-01;406.15;0;0;FRANELA;1;6.40157577249785;0;1;10
2018-12-01;406.15;0;0;VASO;2;2.46214452788378;0;1;10
2018-12-01;406.15;0;0;VASO;5;2;0;1;10
2018-12-01;406.15;0;0;TAZA;1;5.5;0;1;10
2018-12-01;406.15;0;0;FRANELA NIÑO;4;5;0;1;10
2018-12-01;406.15;0;0;FRANELA;1;7;0;1;10
2018-12-01;406.15;0;0;GORRA;1;7;0;1;10
2018-12-01;406.15;0;0;VIAJERA;2;5;0;1;10
2018-12-01;406.15;0;0;GORRA;1;6.77089745168041;0;1;10
2018-12-01;406.15;0;0;MANILLA;1;2.46214452788379;0;1;10
2018-12-01;406.15;0;0;VASO;1;2.21593007509541;0;1;10
2018-12-03;423.54;0;0;VASO;1;2.88048354346697;0;1;10
2018-12-04;466.19;0;0;GORRA;1;5.89888242991055;0;1;10
2018-12-04;466.19;0;0;BANDOLERA;1;7.65782191810206;0;1;10
2018-12-04;466.19;0;0;FRANELA;2;4.826358351745;0;1;10
2018-12-04;466.19;0;0;FRANELA;3;3.21757223449666;0;1;10
2018-12-04;466.19;0;0;FRANELA;1;4.826358351745;0;1;10
2018-12-04;466.19;0;0;FRANELA;1;7.50766854715888;0;1;10
2018-12-04;466.19;0;0;TAZA;3;4.29009631266223;0;1;10
2018-12-04;466.19;0;0;LLAVERO;1;2.14504815633111;0;1;10
2018-12-04;466.19;0;0;FRANELA;1;8.58019262532444;0;1;10
2018-12-04;466.19;0;0;CARTUCHERA;1;5.89888242991055;0;1;10
2018-12-04;466.19;0;0;FRANELA;1;2.57405778759733;0;1;10
2018-12-04;466.19;0;0;FRANELA;1;6.43514446899333;0;1;10
2018-12-05;498.64;0;0;FRANELA;3;7;0;1;10
2018-12-05;498.64;0;0;GORRA;2;8;0;1;10
2018-12-06;527.15;0;0;TAZA;1;4.55278383761738;0;1;10
2018-12-07;530.74;0;0;FRANELA NIÑO;4;5;0;1;10
2018-12-08;530.74;0;0;BANDOLERA;1;7.91347929306252;0;1;10
2018-12-08;530.74;0;0;TAZA;1;5.08723668839733;0;1;10
2018-12-08;530.74;0;0;BANDOLERA;1;7.91347929306252;0;1;10
2018-12-08;530.74;0;0;FRANELA;1;9.04397633492859;0;1;10
2018-12-08;530.74;0;0;TAZA;1;5.08723668839733;0;1;10
2018-12-09;530.74;0;0;TAZA;1;5.08723668839733;0;1;10
2018-12-09;530.74;0;0;VASO;6;3.39149112559822;0;1;10
2018-12-09;530.74;0;0;PULSERITA;2;4.71040434110864;0;1;10
2018-12-10;550.29;0;0;CARTUCHERA;2;10;0;1;10
2018-12-10;550.29;0;0;VASO;1;3.27100256228534;0;1;10
2018-12-12;583.23;0;0;VASO;5;3.0862609948048;0;1;10
2018-12-12;583.23;0;0;FRANELA;3;nan;0;1;10
2018-12-12;583.23;0;0;FRANELA;1;34;0;1;10
2018-12-13;601.09;0;0;VASO;1;4.15911094844366;0;1;10
2018-12-13;601.09;0;0;PORTA COSMETICO;1;6.98730639338535;0;1;10
2018-12-13;601.09;0;0;FRANELA;3;6.66666666666667;0;1;10
2018-12-13;601.09;0;0;TULA;2;10.8136884659535;0;1;10
2018-12-13;601.09;0;0;CARTUCHERA;5;5.49002645194564;0;1;10
2018-12-13;601.09;0;0;FRANELA;11;nan;0;1;10
2018-12-13;601.09;0;0;FRANELA;2;41.5911094844366;0;1;10
2018-12-13;601.09;0;0;GORRA;4;nan;0;1;10
2018-12-15;647.29;0;0;GORRA;1;6.48859089434411;0;1;10
2018-12-15;647.29;0;0;FRANELA;2;5;0;1;10
2018-12-15;647.29;0;0;FRANELA;1;9.88737660090531;0;1;10
2018-12-21;686.73;0;0;VASO;6;3;0;1;10
2018-12-21;686.73;0;0;FRANELA;4;7;0;1;10
2018-12-21;686.73;0;0;FRANELA;2;6;0;1;10
2018-12-21;686.73;0;0;FRANELA NIÑO;1;4;0;1;10
2018-12-21;686.73;0;0;FRANELA;4;7.5;0;1;10
2018-12-21;686.73;0;0;GORRA;7;6;0;1;10
2018-12-21;686.73;0;0;FRANELA;2;12.3774991626986;0;1;10
2018-12-21;686.73;0;0;TULA;2;11.1397492464288;0;1;10
2018-12-21;686.73;0;0;FRANELA NIÑO;1;4.95099966507944;0;1;10
2018-12-21;686.73;0;0;FRANELA NIÑO;1;6.55279367436984;0;1;10
2018-12-21;686.73;0;0;PULSERITA;1;5.24223493949587;0;1;10
2018-12-21;686.73;0;0;VASO;1;3.34920565578903;0;1;10
2018-12-23;686.73;0;0;VASO;8;2.5;0;1;10
2018-12-24;686.73;0;0;TULA;1;11.1397492464287;0;1;10
2018-12-26;686.73;0;0;VASO;4;3.71324974880957;0;1;10
2018-12-27;710.54;0;0;FRANELA;1;9;0;1;10
2019-01-03;810.96;0;0;VASO;9;2.71283417184571;0;1;10
2019-01-07;910.68;0;0;FRANELA;1;10.9808055518953;0;1;10
2019-01-07;910.68;0;0;PULSERA;1;2.74520138797382;0;1;10
2019-01-07;910.68;0;0;PULSERA;1;1.64712083278429;0;1;10
2019-01-08;981.35;0;0;GORRA;1;8.61058745605543;0;1;10
2019-01-08;981.35;0;0;FRANELA;1;7;0;1;10
2019-01-10;1890.12;0;0;FRANELA;2;10;0;1;10
2019-01-17;2951.98;0;0;FRANELA;1;9.14640343091755;0;1;10
2019-01-18;2902.87;0;0;FRANELA;1;4.13383995838601;0;1;10
2019-01-19;2902.87;0;0;VASO;1;2.75589330559067;0;1;10
2019-01-19;2902.87;0;0;GORRA;1;6.0285166059796;0;1;10
2019-01-22;2431.52;0;0;FRANELA;1;4.11265381325262;0;1;10
2019-01-22;2431.52;0;0;FRANELA;2;10;0;1;10
2019-01-23;2380.61;0;0;FRANELA;1;12;0;1;10
2019-01-26;2560.86;0;0;FRANELA;1;11.7148145544856;0;1;10
2019-01-26;2560.86;0;0;PULSERITA;3;0.780987636965707;0;1;10
2019-01-26;2560.86;0;0;FRANELA;1;9.76234546207134;0;1;10
2019-01-26;2560.86;0;0;COLLAR MAPA;1;3.12395054786283;0;1;10
2019-01-26;2560.86;0;0;PULSERA;1;2.34296291089712;0;1;10
2019-01-29;3196.12;0;0;CARTUCHERA;1;4.06743176101022;0;1;10
2019-02-05;2486.25;0;0;TAZA;1;4;0;1;10
2019-02-05;2486.25;0;0;VASO;1;3;0;1;10
2019-02-07;2808.33;0;0;PULSERA;2;3.5;0;1;10
2019-02-07;2808.33;0;0;GORRA;1;8;0;1;10
2019-02-08;3120.46;0;0;COLLAR MAPA;1;5;0;1;10
2019-02-08;3120.46;0;0;FRANELA;1;8.01163930958897;0;1;10
2019-02-08;3120.46;0;0;FRANELA;2;11.2162950334246;0;1;10
2019-02-08;3120.46;0;0;FRANELA;2;9.61396717150675;0;1;10
2019-02-08;3120.46;0;0;VASO;3;3.20465572383559;0;1;10
2019-02-08;3120.46;0;0;FRANELA;2;8.97303602673965;0;1;10
2019-02-08;3120.46;0;0;FRANELA;1;9;0;1;10
2019-02-08;3120.46;0;0;VASO;6;4;0;1;10
2019-02-08;3120.46;0;0;CARTUCHERA;1;5;0;1;10
2019-02-08;3120.46;0;0;FRANELA;2;8.01163930958895;0;1;10
2019-02-08;3120.46;0;0;FRANELA;1;11.2162950334246;0;1;10
2019-02-08;3120.46;0;0;FRANELA;1;9.61396717150677;0;1;10
2019-02-08;3120.46;0;0;GORRA;1;6.40931144767118;0;1;10
2019-02-08;3120.46;0;0;VASO;1;3.84558686860271;0;1;10
2019-02-08;3120.46;0;0;FRANELA NIÑO;2;4.80698358575339;0;1;10
2019-02-08;3120.46;0;0;PULSERA;1;2.56372457906847;0;1;10
2019-02-08;3120.46;0;0;FRANELA NIÑO;1;4.80698358575338;0;1;10
2019-02-08;3120.46;0;0;VASO;1;3.84558686860271;0;1;10
2019-02-08;3120.46;0;0;FRANELILLA;2;5.76838030290405;0;1;10
2019-02-08;3120.46;0;0;FRANELA NIÑO;1;3.20465572383559;0;1;10
2019-02-13;3253.47;0;0;FRANELA;2;8.60619584628105;0;1;10
2019-02-13;3253.47;0;0;FRANELA;2;10;0;1;10
2019-02-13;3253.47;0;0;FRANELA;5;6.1472827473436;0;1;10
2019-02-13;3253.47;0;0;FRANELA;1;12;0;1;10
2019-02-13;3253.47;0;0;TAZA;1;5;0;1;10
2019-02-13;3253.47;0;0;BANDOLERA;1;8;0;1;10
2019-02-13;3253.47;0;0;VIAJERA;2;5;0;1;10
2019-02-13;3253.47;0;0;FRANELA;1;5;0;1;10
2019-02-13;3253.47;0;0;FRANELA;1;10.7577448078513;0;1;10
2019-02-13;3253.47;0;0;FRANELA;3;9;0;1;10
2019-02-14;3195.15;0;0;TAZA;2;4.69461527627811;0;1;10
2019-02-14;3195.15;0;0;FRANELA NIÑO;1;3.12974351751874;0;1;10
2019-02-14;3195.15;0;0;VASO;1;3.75569222102249;0;1;10
2019-02-15;3010.47;0;0;BODY BEBE;2;1.82695725252203;0;1;10
2019-02-16;3010.47;0;0;FRANELA;1;8.30435114782742;0;1;10
2019-02-16;3010.47;0;0;FRANELA;1;6.64348091826193;0;1;10
2019-02-16;3010.47;0;0;CARTUCHERA;1;4.98261068869645;0;1;10
2019-02-18;3015.58;0;0;FRANELA;2;11;0;1;10
2019-02-19;3180.42;0;0;VASO;4;3.77308657347143;0;1;10
2019-02-19;3180.42;0;0;TAZA;1;4.71635821683929;0;1;10
2019-02-20;3320.74;0;0;FRANELA NIÑO;1;3.0113769822389;0;1;10
2019-02-20;3320.74;0;0;FRANELILLA;1;5.42047856803002;0;1;10
2019-02-20;3320.74;0;0;FRANELA NIÑO;3;3.0113769822389;0;1;10
2019-02-20;3320.74;0;0;FRANELA NIÑO;1;5;0;1;10
2019-02-26;3720.11;0;0;FRANELA NIÑO;3;2.6880925564029;0;1;10
2019-02-26;3720.11;0;0;FRANELA;1;12.0964165038131;0;1;10
2019-02-26;3720.11;0;0;FRANELA;1;10.7523702256116;0;1;10
2019-02-26;3720.11;0;0;FRANELA;2;5.3761851128058;0;1;10
2019-02-26;3720.11;0;0;FRANELA;1;6.72023139100726;0;1;10
2019-02-26;3720.11;0;0;FRANELA;2;4.03213883460436;0;1;10
2019-02-26;3720.11;0;0;FRANELA;1;10;0;1;10
2019-02-26;3720.11;0;0;FRANELA NIÑO;1;2.6880925564029;0;1;10
2019-02-27;3723.14;0;0;FRANELA NIÑO;1;4.02885736233394;0;1;10
2019-02-27;3723.14;0;0;FRANELA NIÑO;15;2.68590490822263;0;1;10
2019-02-28;3701.12;0;0;FRANELA NIÑO;1;2.7018848348608;0;1;10
2019-02-28;3701.12;0;0;FRANELA NIÑO;15;2.7018848348608;0;1;10
2019-03-01;3715.41;0;0;FRANELA NIÑO;7;2.69149299808097;0;1;10
2019-03-01;3715.41;0;0;FRANELA;1;6.72873249520241;0;1;10
2019-03-01;3715.41;0;0;FRANELA;1;4.03723949712145;0;1;10
2019-03-01;3715.41;0;0;PULSERA;1;3.22979159769716;0;1;10
2019-03-01;3715.41;0;0;FRANELA;3;10;0;1;10
2019-03-01;3715.41;0;0;FRANELA;6;10.2276733927077;0;1;10
2019-03-01;3715.41;0;0;FRANELA;21;7.14285714285714;0;1;10
2019-03-03;3715.41;0;0;FRANELA;6;6.72873249520242;0;1;10
2019-03-04;3715.41;0;0;FRANELA;2;8.0744789942429;0;1;10
2019-03-13;3478.14;0;0;VASO;16;6.125;0;1;10
2019-03-15;3490.39;0;0;FRANELA;1;8.59502806276663;0;1;10
2019-03-16;3490.39;0;0;FRANELA;2;13.3222934972883;0;1;10
2019-03-16;3490.39;0;0;FRANELA;3;5.15701683765997;0;1;10
2019-03-16;3490.39;0;0;PULSERA;1;2.86500935425554;0;1;10
2019-03-16;3490.39;0;0;FRANELA NIÑO;2;2.86500935425554;0;1;10
2019-03-21;3427.24;0;0;FRANELA;3;10;0;1;10
2019-03-22;3464.89;0;0;FRANELA;6;8.08106462254213;0;1;10
2019-03-23;3464.89;0;0;BRAZALETE;1;4.61775121288122;0;1;10
2019-03-28;3630.59;0;0;FRANELA;5;13.2209916294597;0;1;10
2019-04-04;3720.8;0;0;FRANELA;2;6.0470866480327;0;1;10
2019-04-04;3720.8;0;0;FRANELA;1;12.9004515158031;0;1;10
2019-04-04;3720.8;0;0;FRANELA;2;10.7503762631692;0;1;10
2019-04-04;3720.8;0;0;FRANELA;6;7.52526338421845;0;1;10
2019-04-04;3720.8;0;0;FRANELA;2;9.40657923027305;0;1;10
2019-04-04;3720.8;0;0;FRANELA;1;12.0941732960654;0;1;10
2019-04-04;3720.8;0;0;FRANELA;1;10.7503762631692;0;1;10
2019-04-04;3720.8;0;0;FRANELA;1;12.3629327026446;0;1;10
2019-04-04;3720.8;0;0;VASO;1;4.83766931842615;0;1;10
2019-04-05;3789.66;0;0;VIAJERA;1;6.33302195975365;0;1;10
2019-04-06;3789.66;0;0;FRANELA;1;10.5550365995894;0;1;10
2019-04-06;3789.66;0;0;FRANELA;1;11.8744161745381;0;1;10
2019-04-07;3789.66;0;0;FRANELA;2;10.5550365995894;0;1;10
2019-04-08;3799.14;0;0;FRANELA;2;9.21261127518335;0;1;10
2019-04-10;4009.47;0;0;FRANELA;1;9.97638091817622;0;1;10
2019-04-11;4020.37;0;0;FRANELA;2;7.46199976619065;0;1;10
2019-04-12;4508.06;0;0;FRANELA NIÑO;2;4.436498183254;0;1;10
2019-04-13;4508.06;0;0;FRANELA;1;12.2003700039485;0;1;10
2019-04-13;4508.06;0;0;GORRA;1;9.98212091232149;0;1;10
2019-04-14;4508.06;0;0;FRANELA;2;13.9749692772501;0;1;10
2019-04-14;4508.06;0;0;FRANELA;1;14.9731813684822;0;1;10
2019-04-17;4982.71;0;0;FRANELA;2;10.0346999925743;0;1;10
2019-04-17;4982.71;0;0;FRANELA NIÑO;1;3.0104099977723;0;1;10
2019-04-23;5286.41;0;0;FRANELA;2;10;0;1;10
2019-04-23;5286.41;0;0;COLLAR MAPA;1;4.72910727696111;0;1;10
2019-04-23;5286.41;0;0;BANDOLERA;1;8.51239309853001;0;1;10
2019-04-23;5286.41;0;0;FRANELA;5;10;0;1;10
2019-04-24;5269.68;0;0;TAZA;1;4.36459139833918;0;1;10
2019-04-25;5389.22;0;0;FRANELA;1;7.27377987909197;0;1;10
2019-04-25;5389.22;0;0;BODY BEBE;1;3;0;1;10
2019-04-27;5627.63;0;0;FRANELA;1;10;0;1;10
2019-04-28;5627.63;0;0;FRANELA NIÑO;2;14.5;0;1;10
2019-04-29;5813.74;0;0;FRANELA;1;12.0404421250348;0;1;10
2019-04-29;5813.74;0;0;FRANELA;1;13.7605052857541;0;1;10
2019-05-01;6124.24;0;0;FRANELA NIÑO;2;4.5;0;1;10
2019-05-02;6138.22;0;0;TAZA;1;4;0;1;10
2019-05-03;6113.34;0;0;FRANELA;1;11.7775225981215;0;1;10
2019-05-03;6113.34;0;0;FRANELA;1;10.7960623816114;0;1;10
2019-05-03;6113.34;0;0;FRANELA;1;8.83314194859111;0;1;10
2019-05-03;6113.34;0;0;FRANELA NIÑO;1;6.87022151557087;0;1;10
2019-05-03;6113.34;0;0;FRANELA NIÑO;1;6.87022151557087;0;1;10
2019-05-03;6113.34;0;0;GORRA;1;10;0;1;10
2019-05-03;6113.34;0;0;CARTUCHERA;1;5;0;1;10
2019-05-06;6011.61;0;0;ESTAMPADO;1;15;0;1;10
2019-05-06;6011.61;0;0;FRANELA NIÑO;2;7;0;1;10
2019-05-06;6011.61;0;0;FRANELA;1;10;0;1;10
2019-05-06;6011.61;0;0;FRANELA;1;13;0;1;10
2019-05-06;6011.61;0;0;PULSERA;1;3;0;1;10
2019-05-06;6011.61;0;0;FRANELA;1;10;0;1;10
2019-05-07;6009.44;0;0;FRANELA;2;13;0;1;10
2019-05-07;6009.44;0;0;FRANELA;1;10;0;1;10
2019-05-07;6009.44;0;0;FRANELA;1;10;0;1;10
2019-05-07;6009.44;0;0;FRANELA;1;3;0;1;10
2019-05-09;5820.21;0;0;PORTA COSMETICO;1;7.2162344657667;0;1;10
2019-05-09;5820.21;0;0;GORRA;1;10;0;1;10
2019-05-10;5790.21;0;0;FRANELA;2;11;0;1;10
2019-05-10;5790.21;0;0;FRANELA;1;6;0;1;10
2019-05-10;5790.21;0;0;FRANELA;6;8;0;1;10
2019-05-10;5790.21;0;0;PULSERA;1;2.07246369302668;0;1;10
2019-05-11;5790.21;0;0;FRANELA;4;8;0;1;10
2019-05-11;5790.21;0;0;FRANELA;3;5;0;1;10
2019-05-12;5790.21;0;0;GORRA;1;10.3623184651334;0;1;10
2019-05-12;5790.21;0;0;FRANELA;2;12;0;1;10
2019-05-12;5790.21;0;0;FRANELA NIÑO;3;5.33333333333333;0;1;10
2019-05-12;5790.21;0;0;COLLAR MAPA;1;4.92210127093836;0;1;10
2019-05-12;5790.21;0;0;FRANELA;1;12;0;1;10
2019-05-12;5790.21;0;0;PULSERA;1;3;0;1;10
2019-05-12;5790.21;0;0;FRANELA NIÑO;1;3;0;1;10
2019-05-12;5790.21;0;0;BODY BEBE;1;2;0;1;10
2019-05-14;5602.74;0;0;GORRA;1;10;0;1;10
2019-05-14;5602.74;0;0;LLAVERO;4;2;0;1;10
2019-05-14;5602.74;0;0;VASO;2;4;0;1;10
2019-05-14;5602.74;0;0;FRANELA;1;14.9926643035372;0;1;10
2019-05-14;5602.74;0;0;VASO;4;4.2836183724392;0;1;10
2019-05-14;5602.74;0;0;PORTA COSMETICO;1;5.354522965549;0;1;10
2019-05-17;5705.94;0;0;FRANELA;1;10.5153576798915;0;1;10
2019-05-17;5705.94;0;0;FRANELA;1;14;0;1;10
2019-05-17;5705.94;0;0;FRANELA;1;13;0;1;10
2019-05-17;5705.94;0;0;FRANELA;1;7;0;1;10
2019-05-18;5705.94;0;0;VASO;2;4.2061430719566;0;1;10
2019-05-18;5705.94;0;0;FRANELA;3;14.020476906522;0;1;10
2019-05-19;5705.94;0;0;FRANELA NIÑO;2;10.8658696025546;0;1;10
2019-05-19;5705.94;0;0;FRANELA;1;12.9689411385328;0;1;10
2019-05-20;5794.14;0;0;FRANELA;2;11.3908189998861;0;1;10
2019-05-20;5794.14;0;0;FRANELA NIÑO;2;3.45176333329881;0;1;10
2019-05-21;5777.33;0;0;FRANELA;2;10;0;1;10
2019-05-22;5803.43;0;0;FRANELA;1;12.4064561819476;0;1;10
2019-05-22;5803.43;0;0;FRANELA;2;nan;0;1;10
2019-05-22;5803.43;0;0;PULSERA;1;3.44623782831877;0;1;10
2019-05-22;5803.43;0;0;FRANELA NIÑO;1;3.61854971973471;0;1;10
2019-05-23;5885.22;0;0;FRANELA;1;17;0;1;10
2019-05-24;5918.43;0;0;VASO;1;4.25788595962105;0;1;10
2019-05-24;5918.43;0;0;LLAVERO;1;2.66117872476315;0;1;10
2019-05-24;5918.43;0;0;LLAVERO;2;2.66117872476315;0;1;10
2019-05-24;5918.43;0;0;LLAVERO;2;2.66117872476315;0;1;10
2019-05-24;5918.43;0;0;VASO;1;4.25788595962105;0;1;10
2019-05-24;5918.43;0;0;FRANELA;1;13.8381293687684;0;1;10
2019-05-24;5918.43;0;0;FRANELA NIÑO;1;7.45130042933683;0;1;10
2019-05-25;5918.43;0;0;FRANELA;1;8.44818642781954;0;1;10
2019-05-25;5918.43;0;0;GORRA;1;10;0;1;10
2019-05-25;5918.43;0;0;FRANELA;1;14;0;1;10
2019-05-25;5918.43;0;0;BODY BEBE;1;3;0;1;10
2019-05-25;5918.43;0;0;FRANELA NIÑO;1;3;0;1;10
2019-05-27;5948.63;0;0;FRANELA;1;14;0;1;10
2019-05-28;6196.51;0;0;FRANELA NIÑO;2;3.22762329117519;0;1;10
2019-05-28;6196.51;0;0;FRANELA;3;12.9104931647008;0;1;10
2019-05-28;6196.51;0;0;FRANELA;1;14.5243048102884;0;1;10
2019-05-28;6196.51;0;0;FRANELA;1;7.26215240514419;0;1;10
2019-05-28;6196.51;0;0;TAZA;1;4;0;1;10
2019-05-28;6196.51;0;0;FRANELA;1;16;0;1;10
2019-05-28;6196.51;0;0;FRANELA;1;13.2171173773624;0;1;10
2019-05-30;6272.33;0;0;FRANELA;4;12.7544309690338;0;1;10
2019-05-30;6272.33;0;0;ESTAMPADO;2;3.18860774225846;0;1;10
2019-05-30;6272.33;0;0;PULSERA;1;1.59430387112923;0;1;10
