fecha;material;precio_local;cantidad;precio_total_local;total_dolar;conversion_dolar;cost_dolar
2017-08-21;FRANELA;45000;1;45000;2.76411927481795;16280.05;2.76411927481795
2017-08-23;FRANELA NIÑO;25000;6;150000;8.90468249760909;16845.07;1.4841137496015149
2017-08-23;FRANELA;18000;5;90000;5.34280949856546;16845.07;1.068561899713092
2017-08-23;FRANELA;24000;3;72000;4.27424759885237;16845.07;1.4247491996174568
2017-08-23;FRANELA;26000;1;26000;1.54347829958558;16845.07;1.54347829958558
2017-08-23;FRANELILLA;30000;3;90000;5.34280949856546;16845.07;1.78093649952182
2017-08-23;FRANELA NIÑO;25000;2;50000;2.96822749920303;16845.07;1.484113749601515
2017-08-23;FRANELILLA;40000;2;80000;4.74916399872485;16845.07;2.374581999362425
2017-08-23;FRANELILLA;45000;1;45000;2.67140474928273;16845.07;2.67140474928273
2017-08-23;FRANELA NIÑO;25000;2;50000;2.96822749920303;16845.07;1.484113749601515
2017-08-23;FRANELILLA;20000;1;20000;1.18729099968121;16845.07;1.18729099968121
2017-08-23;FRANELA;45000;1;45000;2.67140474928273;16845.07;2.67140474928273
2017-08-23;FRANELILLA;40000;2;80000;4.74916399872485;16845.07;2.374581999362425
2017-08-23;FRANELA;42000;9;378000;22.4397998939749;16845.07;2.4933110993305445
2017-08-24;FRANELA;55000;1;55000;3.26400391205705;16850.47;3.26400391205705
2017-08-24;FRANELILLA;42000;1;42000;2.49251207829811;16850.47;2.49251207829811
2017-08-24;FRANELILLA;44000;1;44000;2.61120312964564;16850.47;2.61120312964564
2017-08-24;FRANELILLA;45000;1;45000;2.67054865531941;16850.47;2.67054865531941
2017-08-24;FRANELA NIÑO;25000;1;25000;1.48363814184411;16850.47;1.48363814184411
2017-08-24;FRANELA NIÑO;25000;1;25000;1.48363814184411;16850.47;1.48363814184411
2017-08-28;FRANELILLA;52000;1;52000;3.07838941034043;16891.95;3.07838941034043
2017-08-29;FRANELA;42000;1;42000;2.39145090465171;17562.56;2.39145090465171
2017-08-29;FRANELA;48000;1;48000;2.73308674817339;17562.56;2.73308674817339
2017-09-01;FRANELA;48000;5;240000;12.99336201618;18470.97;2.5986724032360002
2017-09-01;FRANELA;48000;7;336000;18.190706822652;18470.97;2.5986724032360002
2017-09-01;FRANELILLA;43000;5;215000;11.6398868061612;18470.97;2.3279773612322403
2017-09-01;FRANELA NIÑO;25000;2;50000;2.7069504200375;18470.97;1.35347521001875
2017-09-02;FRANELA;58000;1;58000;3.1400624872435;18470.97;3.1400624872435
2017-09-02;FRANELILLA;52000;1;52000;2.815228436839;18470.97;2.815228436839
2017-09-05;FRANELILLA;35000;10;350000;17.9570334365093;19490.97;1.79570334365093
2017-09-05;FRANELILLA;40000;1;40000;2.05223239274392;19490.97;2.05223239274392
2017-09-05;FRANELA;45000;2;90000;4.61752288367382;19490.97;2.30876144183691
2017-09-05;FRANELA;45000;2;90000;4.61752288367382;19490.97;2.30876144183691
2017-09-06;FRANELA;56000;1;56000;2.81819851692303;19870.85;2.81819851692303
2017-09-06;FRANELA;60000;1;60000;3.01949841098896;19870.85;3.01949841098896
2017-09-08;FRANELA;66000;1;66000;3.12708027831014;21105.95;3.12708027831014
2017-09-08;FRANELILLA;52000;1;52000;2.46376021927466;21105.95;2.46376021927466
2017-09-08;FRANELA NIÑO;28000;1;28000;1.32664011807097;21105.95;1.32664011807097
2017-09-08;FRANELA NIÑO;32000;1;32000;1.51616013493825;21105.95;1.51616013493825
2017-09-09;FRANELA NIÑO;32000;1;32000;1.51616013493825;21105.95;1.51616013493825
2017-09-10;FRANELA;58000;1;58000;2.74804024457558;21105.95;2.74804024457558
2017-09-11;FRANELA;58000;1;58000;2.74804024457558;21105.95;2.74804024457558
2017-09-12;FRANELA;64000;1;64000;2.9369990753042;21790.95;2.9369990753042
2017-09-13;FRANELA NIÑO;28000;1;28000;1.24829195765615;22430.65;1.24829195765615
2017-09-13;FRANELA;58000;1;58000;2.58574762657346;22430.65;2.58574762657346
2017-09-13;FRANELA;56000;1;56000;2.49658391531231;22430.65;2.49658391531231
2017-09-13;FRANELA;56000;1;56000;2.49658391531231;22430.65;2.49658391531231
2017-09-13;FRANELA;60000;1;60000;2.67491133783461;22430.65;2.67491133783461
2017-09-14;FRANELA;60000;1;60000;2.58414181081153;23218.54;2.58414181081153
2017-09-14;FRANELA;62000;1;62000;2.67027987117192;23218.54;2.67027987117192
2017-09-14;FRANELA;64000;1;64000;2.7564179315323;23218.54;2.7564179315323
2017-09-14;FRANELA NIÑO;32000;1;32000;1.37820896576615;23218.54;1.37820896576615
2017-09-15;FRANELA;60000;1;60000;2.52688713195363;23744.63;2.52688713195363
2017-09-15;FRANELA;64000;1;64000;2.69534627408387;23744.63;2.69534627408387
2017-09-15;FRANELA;62000;1;62000;2.61111670301875;23744.63;2.61111670301875
2017-09-15;FRANELA;62000;1;62000;2.61111670301875;23744.63;2.61111670301875
2017-09-15;FRANELILLA;54000;1;54000;2.27419841875826;23744.63;2.27419841875826
2017-09-15;FRANELILLA;54000;1;54000;2.27419841875826;23744.63;2.27419841875826
2017-09-15;FRANELA;56000;6;336000;14.1505679389403;23744.63;2.3584279898233835
2017-09-16;FRANELA;62000;1;62000;2.61111670301875;23744.63;2.61111670301875
2017-09-20;FRANELA;56000;1;56000;2.35425877003432;23786.68;2.35425877003432
2017-09-20;FRANELA;56000;1;56000;2.35425877003432;23786.68;2.35425877003432
2017-09-20;FRANELA;58000;1;58000;2.43833944039269;23786.68;2.43833944039269
2017-09-24;FRANELA;74000;1;74000;3.31285629993347;22337.22;3.31285629993347
2017-09-24;FRANELA NIÑO;35000;1;35000;1.56689149321178;22337.22;1.56689149321178
2017-09-25;FRANELA;78000;1;78000;3.27988246246847;23781.34;3.27988246246847
2017-09-25;FRANELA NIÑO;28000;1;28000;1.17739370447586;23781.34;1.17739370447586
2017-09-26;FRANELA NIÑO;35000;1;35000;1.392837472581;25128.56;1.392837472581
2017-09-28;FRANELILLA;72500;4;290000;10.1990323580128;28434.07;2.5497580895032
2017-09-28;FRANELA;78000;1;78000;2.74318801353447;28434.07;2.74318801353447
2017-10-01;FRANELA;60000;2;120000;4.11718750804138;29146.11;2.05859375402069
2017-10-01;FRANELA;70000;1;70000;2.40169271302414;29146.11;2.40169271302414
2017-10-03;FRANELA;80000;1;80000;2.74245815437366;29170.91;2.74245815437366
2017-10-03;FRANELA;60000;1;60000;2.05684361578024;29170.91;2.05684361578024
2017-10-06;FRANELA;75000;5;375000;14.019068924472;26749.28;2.8038137848944
2017-10-06;FRANELA;86000;2;172000;6.43007961335782;26749.28;3.21503980667891
2017-10-06;FRANELA;84000;1;84000;3.14027143908172;26749.28;3.14027143908172
2017-10-07;FRANELA NIÑO;40000;2;80000;2.99073470388736;26749.28;1.49536735194368
2017-10-07;FRANELA NIÑO;50000;2;100000;3.7384183798592;26749.28;1.8692091899296
2017-10-07;FRANELA;113000;1;113000;4.22441276924089;26749.28;4.22441276924089
2017-10-09;FRANELA NIÑO;35000;1;35000;1.31353375106209;26645.68;1.31353375106209
2017-10-14;FRANELA NIÑO;45000;2;90000;2.89302555827357;31109.3;1.446512779136785
2017-10-15;FRANELA NIÑO;55000;1;55000;1.7679600633894;31109.3;1.7679600633894
2017-10-15;FRANELILLA;88000;1;88000;2.82873610142305;31109.3;2.82873610142305
2017-10-17;FRANELILLA;43000;3;129000;3.86825039034844;33348.41;1.2894167967828134
2017-10-18;FRANELA;94000;1;94000;2.75645839668545;34101.73;2.75645839668545
2017-10-19;FRANELA;78000;12;936000;25.8555107872174;36201.18;2.1546258989347833
2017-10-19;FRANELA;80000;3;240000;6.62961815056857;36201.18;2.20987271685619
2017-10-19;FRANELA NIÑO;65000;3;195000;5.38656474733697;36201.18;1.7955215824456567
2017-10-20;FRANELA NIÑO;55000;2;110000;2.88809195054641;38087.43;1.444045975273205
2017-10-20;FRANELA;94000;1;94000;2.46800584864875;38087.43;2.46800584864875
2017-10-24;FRANELA;90000;1;90000;2.10694329115311;42715.91;2.10694329115311
2017-10-29;FRANELA;120000;1;120000;2.91596126728649;41152.81;2.91596126728649
2017-10-29;FRANELA;120000;1;120000;2.91596126728649;41152.81;2.91596126728649
2017-10-29;FRANELA;140000;1;140000;3.40195481183423;41152.81;3.40195481183423
2017-10-29;FRANELA NIÑO;60000;1;60000;1.45798063364324;41152.81;1.45798063364324
2017-10-29;FRANELA;80000;3;240000;5.83192253457297;41152.81;1.94397417819099
2017-10-29;FRANELILLA;90000;1;90000;2.18697095046487;41152.81;2.18697095046487
2017-10-29;FRANELA NIÑO;60000;3;180000;4.37394190092973;41152.81;1.4579806336432435
2017-10-30;FRANELA NIÑO;60000;2;120000;2.90952328188407;41243.87;1.454761640942035
2017-10-30;FRANELA;120000;1;120000;2.90952328188407;41243.87;2.90952328188407
2017-10-30;FRANELA;120000;2;240000;5.81904656376814;41243.87;2.90952328188407
2017-10-30;FRANELA NIÑO;65000;3;195000;4.72797533306162;41243.87;1.5759917776872066
2017-11-03;FRANELA;100000;1;100000;2.25490532103538;44347.76;2.25490532103538
2017-11-07;FRANELA;130000;1;130000;2.67863894646246;48532.11;2.67863894646246
2017-11-07;FRANELA;130000;1;130000;2.67863894646246;48532.11;2.67863894646246
2017-11-07;FRANELA NIÑO;70000;1;70000;1.44234404809517;48532.11;1.44234404809517
2017-11-07;FRANELILLA;100000;2;200000;4.12098299455762;48532.11;2.06049149727881
2017-11-07;FRANELILLA;30000;1;30000;0.618147449183644;48532.11;0.618147449183644
2017-11-07;FRANELA;110000;1;110000;2.26654064700669;48532.11;2.26654064700669
2017-11-07;FRANELILLA;100000;2;200000;4.12098299455762;48532.11;2.06049149727881
2017-11-07;FRANELA;100000;1;100000;2.06049149727881;48532.11;2.06049149727881
2017-11-07;FRANELA;120000;1;120000;2.47258979673457;48532.11;2.47258979673457
2017-11-07;FRANELA;100000;2;200000;4.12098299455762;48532.11;2.06049149727881
2017-11-08;FRANELA NIÑO;70000;6;420000;8.44959914699285;49706.5;1.4082665244988084
2017-11-09;FRANELA NIÑO;75000;1;75000;1.50508779879505;49830.98;1.50508779879505
2017-11-09;FRANELA;140000;1;140000;2.80949722441742;49830.98;2.80949722441742
2017-11-10;FRANELA;110000;8;880000;16.8812827626373;52128.74;2.1101603453296627
2017-11-14;FRANELA;130000;1;130000;2.26564238717144;57378.87;2.26564238717144
2017-11-15;FRANELA;130000;4;520000;8.53269342508385;60942.07;2.1331733562709627
2017-11-15;FRANELA NIÑO;80000;2;160000;2.62544413079503;60942.07;1.312722065397515
2017-11-15;FRANELA NIÑO;70000;3;210000;3.44589542166848;60942.07;1.1486318072228265
2017-11-15;FRANELA;110000;1;110000;1.80499283992158;60942.07;1.80499283992158
2017-11-16;FRANELA;140000;1;140000;2.12241192710607;65962.69;2.12241192710607
2017-11-16;FRANELA NIÑO;90000;1;90000;1.36440766742533;65962.69;1.36440766742533
2017-11-17;FRANELA NIÑO;80000;3;240000;3.27784891165173;73218.75;1.09261630388391
2017-11-17;FRANELA;120000;2;240000;3.27784891165173;73218.75;1.638924455825865
2017-11-17;FRANELILLA;110000;1;110000;1.50234741784038;73218.75;1.50234741784038
2017-11-20;FRANELA;170000;1;170000;2.09176010169399;81271.27;2.09176010169399
2017-11-22;FRANELA;190000;1;180000;2.18543222446526;82363.57;2.18543222446526
2017-11-23;FRANELA;190000;1;190000;2.32387532384426;81759.98;2.32387532384426
2017-11-23;FRANELILLA;170000;2;340000;4.15851373740551;81759.98;2.079256868702755
2017-11-23;FRANELA;180000;1;180000;2.20156609627351;81759.98;2.20156609627351
2017-11-23;FRANELA;190000;1;190000;2.32387532384426;81759.98;2.32387532384426
2017-11-27;FRANELA;170000;1;170000;2.01285003462102;84457.36;2.01285003462102
2017-11-27;FRANELA;170000;2;340000;4.02570006924204;84457.36;2.01285003462102
2017-11-27;FRANELA NIÑO;120000;2;240000;2.84167063711203;84457.36;1.420835318556015
2017-11-28;FRANELA;180000;2;360000;4.07998539365229;88235.61;2.039992696826145
2017-11-28;FRANELA NIÑO;100000;1;100000;1.13332927601453;88235.61;1.13332927601453
2017-12-04;FRANELA;190000;1;190000;1.75471762760699;108279.53;1.75471762760699
2017-12-05;FRANELA;320000;1;320000;3.10106306379991;103190.42;3.10106306379991
2017-12-06;FRANELA NIÑO;170000;1;170000;1.72396501000052;98609.89;1.72396501000052
2017-12-10;FRANELA;320000;1;320000;3.44908944577552;92778.11;3.44908944577552
2017-12-10;FRANELA;340000;1;340000;3.66465753613649;92778.11;3.66465753613649
2017-12-14;FRANELA;340000;2;680000;6.56655376056877;103555.08;3.283276880284385
2017-12-15;FRANELA;320000;1;320000;2.95752877767923;108198.44;2.95752877767923
2017-12-17;FRANELA;320000;1;320000;2.95752877767923;108198.44;2.95752877767923
2017-12-17;FRANELA;340000;1;340000;3.14237432628419;108198.44;3.14237432628419
2017-12-17;FRANELA NIÑO;220000;1;220000;2.03330103465447;108198.44;2.03330103465447
2017-12-18;FRANELA NIÑO;230000;1;230000;1.9873050950528;115734.62;1.9873050950528
2017-12-19;FRANELA;320000;1;320000;2.57669429929738;124190.13;2.57669429929738
2017-12-20;FRANELA;300000;20;6000000;49.5026142330577;121205.72;2.475130711652885
2017-12-21;FRANELA;290000;1;290000;2.51593737883918;115265.19;2.51593737883918
2017-12-26;FRANELA;380000;1;380000;3.38868573123424;112137.87;3.38868573123424
2017-12-28;FRANELA;380000;3;1140000;10.6414646912001;107128.11;3.5471548970667004
2018-01-04;FRANELA;300000;1;300000;2.33560803389995;128446.21;2.33560803389995
2018-01-04;FRANELA;350000;1;350000;2.72487603954994;128446.21;2.72487603954994
2018-01-04;FRANELA NIÑO;300000;1;300000;2.33560803389995;128446.21;2.33560803389995
2018-01-05;FRANELA;400000;1;400000;2.92863995351663;136582.17;2.92863995351663
2018-01-05;FRANELA;380000;1;380000;2.78220795584079;136582.17;2.78220795584079
2018-01-06;FRANELA;350000;2;700000;5.1251199186541;136582.17;2.56255995932705
2018-01-06;FRANELA;400000;2;800000;5.85727990703325;136582.17;2.928639953516625
2018-01-06;FRANELA;380000;1;380000;2.78220795584079;136582.17;2.78220795584079
2018-01-06;FRANELILLA;350000;1;350000;2.56255995932705;136582.17;2.56255995932705
2018-01-06;FRANELA NIÑO;270000;1;270000;1.97683196862372;136582.17;1.97683196862372
2018-01-06;FRANELA;350000;1;350000;2.56255995932705;136582.17;2.56255995932705
2018-01-06;FRANELA;350000;2;700000;5.1251199186541;136582.17;2.56255995932705
2018-01-07;FRANELA;350000;1;350000;2.56255995932705;136582.17;2.56255995932705
2018-01-08;FRANELA;400000;1;400000;2.79183992650761;143274.69;2.79183992650761
2018-01-08;FRANELA;300000;1;300000;2.0938799448807;143274.69;2.0938799448807
2018-01-08;FRANELA;300000;1;300000;2.0938799448807;143274.69;2.0938799448807
2018-01-08;FRANELA;380000;1;380000;2.65224793018223;143274.69;2.65224793018223
2018-01-09;FRANELA;350000;1;350000;2.31027768613676;151496.94;2.31027768613676
2018-01-09;FRANELA;350000;1;350000;2.31027768613676;151496.94;2.31027768613676
2018-01-09;FRANELA;350000;2;700000;4.62055537227353;151496.94;2.310277686136765
2018-01-10;FRANELA;350000;1;350000;2.22163373613034;157541.72;2.22163373613034
2018-01-10;FRANELA;350000;1;350000;2.22163373613034;157541.72;2.22163373613034
2018-01-10;FRANELA;350000;1;350000;2.22163373613034;157541.72;2.22163373613034
2018-01-10;FRANELA;440000;1;440000;2.79291098256386;157541.72;2.79291098256386
2018-01-10;FRANELA;350000;4;1400000;8.88653494452136;157541.72;2.22163373613034
2018-01-10;FRANELA;350000;1;350000;2.22163373613034;157541.72;2.22163373613034
2018-01-15;FRANELA;480000;1;480000;2.63024724050077;182492.35;2.63024724050077
2018-01-15;FRANELA NIÑO;360000;1;360000;1.97268543037557;182492.35;1.97268543037557
2018-01-15;FRANELA;520000;2;1040000;5.69886902108499;182492.35;2.849434510542495
2018-01-15;FRANELA;480000;1;480000;2.63024724050077;182492.35;2.63024724050077
2018-01-15;FRANELILLA;480000;1;480000;2.63024724050077;182492.35;2.63024724050077
2018-01-15;FRANELA;500000;1;500000;2.73984087552163;182492.35;2.73984087552163
2018-01-19;FRANELA;480000;1;480000;2.27124805790547;211337.55;2.27124805790547
2018-01-19;FRANELA NIÑO;360000;1;360000;1.7034360434291;211337.55;1.7034360434291
2018-01-19;FRANELA NIÑO;380000;1;380000;1.79807137917516;211337.55;1.79807137917516
2018-01-19;FRANELA NIÑO;400000;1;400000;1.89270671492122;211337.55;1.89270671492122
2018-01-23;FRANELA;580000;1;580000;2.40001774357946;241664.88;2.40001774357946
2018-01-24;FRANELILLA;680000;2;1360000;5.20042216721246;261517.23;2.60021108360623
2018-01-26;FRANELA;700000;1;700000;2.62535350384929;266630.76;2.62535350384929
2018-01-31;FRANELA;700000;1;700000;2.9688425907783;235782.12;2.9688425907783
2018-01-31;FRANELA;700000;1;700000;2.9688425907783;235782.12;2.9688425907783
2018-01-31;FRANELA;700000;1;700000;2.9688425907783;235782.12;2.9688425907783
2018-01-31;FRANELA NIÑO;400000;1;400000;1.69648148044474;235782.12;1.69648148044474
2018-02-02;FRANELILLA;700000;1;700000;3.11174563062015;224954.12;3.11174563062015
2018-02-15;FRANELILLA;650000;3;1950000;8.22265915230878;237149.56;2.740886384102927
2018-02-15;FRANELA;750000;1;750000;3.16256121242645;237149.56;3.16256121242645
2018-02-16;FRANELA;850000;1;850000;3.59861672560001;236201.87;3.59861672560001
2018-02-16;FRANELA;800000;1;800000;3.38693338880001;236201.87;3.38693338880001
2018-02-18;FRANELA;850000;1;850000;3.59861672560001;236201.87;3.59861672560001
2018-02-19;FRANELILLA;800000;4;3200000;13.6344275089232;234699.99;3.4086068772308
2018-03-03;FRANELA;850000;14;11900000;54.8794722273438;216838.82;3.9199623019531282
2018-03-04;FRANELA NIÑO;500000;4;2000000;9.22344071047795;216838.82;2.3058601776194876
2018-03-06;FRANELA;850000;1;850000;4.04325368139437;210226.73;4.04325368139437
2018-03-07;FRANELA;980000;2;1960000;9.51920903532239;205899.46;4.759604517661195
2018-03-11;FRANELA;950000;3;2850000;13.2080162926674;215778.05;4.4026720975558
2018-03-12;FRANELA;950000;1;950000;4.39480626421807;216164.25;4.39480626421807
2018-03-13;FRANELA NIÑO;600000;2;1200000;5.53677639926913;216732.61;2.768388199634565
2018-03-16;FRANELILLA;900000;1;900000;3.97671184520623;226317.63;3.97671184520623
2018-03-16;FRANELA;920000;18;16560000;73.1714979517946;226317.63;4.065083219544145
2018-03-17;FRANELA;935000;10;9350000;41.3136175029758;226317.63;4.131361750297581
2018-03-26;FRANELA;1020000;3;3060000;12.9981934634974;235417.33;4.332731154499133
2018-03-26;FRANELA NIÑO;735000;4;2940000;12.4884603864975;235417.33;3.122115096624375
2018-03-29;FRANELILLA;1000000;1;1000000;4.23732027459022;235998.21;4.23732027459022
2018-03-30;FRANELA NIÑO;600000;11;6600000;27.9663138122954;235998.21;2.542392164754127
2018-04-04;FRANELA;1000000;1;1000000;3.97912534925281;251311.51;3.97912534925281
2018-04-04;FRANELA;1000000;1;1000000;3.97912534925281;251311.51;3.97912534925281
2018-04-04;FRANELA;1200000;1;1200000;4.77495041910337;251311.51;4.77495041910337
2018-04-04;FRANELA;1300000;1;1300000;5.17286295402865;251311.51;5.17286295402865
2018-04-04;FRANELA NIÑO;900000;2;1800000;7.16242562865505;251311.51;3.581212814327525
2018-04-04;FRANELA NIÑO;850000;2;1700000;6.76451309372977;251311.51;3.382256546864885
2018-04-04;FRANELA;1100000;3;3300000;13.1311136525343;251311.51;4.3770378841781
2018-04-05;FRANELA;1025000;4;4100000;15.4455874932633;265447.98;3.861396873315825
2018-04-06;FRANELA;1300000;1;1300000;4.2592807680204;305215.85;4.2592807680204
2018-04-10;FRANELA NIÑO;800000;2;1600000;4.30304807755276;371829.45;2.15152403877638
2018-04-17;FRANELA;1700000;1;1700000;3.08401161482313;551230.09;3.08401161482313
2018-04-17;FRANELA;1800000;1;1800000;3.2654240627539;551230.09;3.2654240627539
2018-04-28;FRANELA;2500000;3;7500000;12.0237441050989;623765.77;4.007914701699633
2018-04-29;FRANELA;3400000;1;3400000;5.45076399431152;623765.77;5.45076399431152
2018-04-30;FRANELA;3500000;5;17500000;28.1577514371757;621498.49;5.63155028743514
2018-04-30;FRANELA NIÑO;2600000;1;2600000;4.18343735638038;621498.49;4.18343735638038
2018-04-30;FRANELILLA;1200000;1;1200000;1.93081724140633;621498.49;1.93081724140633
2018-04-30;FRANELA NIÑO;2300000;1;2300000;3.7007330460288;621498.49;3.7007330460288
2018-04-30;FRANELA;2500000;6;15000000;24.1352155175791;621498.49;4.022535919596517
2018-05-01;FRANELA;3500000;5;17500000;28.1577514371757;621498.49;5.63155028743514
2018-05-01;FRANELA NIÑO;2600000;1;2600000;4.18343735638038;621498.49;4.18343735638038
2018-05-05;FRANELA;3900000;1;3900000;6.05993659534955;643571.09;6.05993659534955
2018-05-05;FRANELA;3900000;1;3900000;6.05993659534955;643571.09;6.05993659534955
2018-05-05;FRANELA NIÑO;2800000;1;2800000;4.35072370948173;643571.09;4.35072370948173
2018-05-06;FRANELA;3800000;4;15200000;23.6182144229008;643571.09;5.9045536057252
2018-05-06;FRANELA;3500000;2;7000000;10.8768092737043;643571.09;5.43840463685215
2018-05-07;FRANELA;3900000;1;3900000;6.12465048857515;636771.03;6.12465048857515
2018-05-07;FRANELA;3500000;4;14000000;21.9859248307826;636771.03;5.49648120769565
2018-05-07;FRANELA;3500000;3;10500000;16.4894436230869;636771.03;5.496481207695633
2018-05-07;FRANELA;4000000;1;4000000;6.28169280879502;636771.03;6.28169280879502
2018-05-07;FRANELA;3500000;3;10500000;16.4894436230869;636771.03;5.496481207695633
2018-05-08;FRANELA;3800000;2;7600000;11.4834065078157;661824.52;5.74170325390785
2018-05-08;FRANELA NIÑO;2600000;1;2600000;3.92853380530537;661824.52;3.92853380530537
2018-05-08;FRANELA NIÑO;3000000;1;3000000;4.5329236215062;661824.52;4.5329236215062
2018-05-08;FRANELA;3500000;1;3500000;5.28841089175723;661824.52;5.28841089175723
2018-05-14;FRANELA;4300000;2;8600000;12.0982753598984;710845.12;6.0491376799492
2018-05-14;FRANELA;3500000;1;3500000;4.92371671623771;710845.12;4.92371671623771
2018-05-14;FRANELA;3800000;1;3800000;5.34574957762951;710845.12;5.34574957762951
2018-05-21;FRANELA NIÑO;2800000;1;2800000;3.67673562603187;761545.1;3.67673562603187
2018-05-21;FRANELA;4000000;1;4000000;5.25247946575981;761545.1;5.25247946575981
2018-05-21;FRANELA;5500000;1;5500000;7.22215926541974;761545.1;7.22215926541974
2018-05-21;FRANELA;5000000;2;10000000;13.1311986643995;761545.1;6.56559933219975
2018-05-21;FRANELA;4500000;1;4500000;5.90903939897979;761545.1;5.90903939897979
2018-05-21;FRANELA;4500000;1;4500000;5.90903939897979;761545.1;5.90903939897979
2018-05-24;FRANELA NIÑO;3000000;2;6000000;6.82324326902404;879347.22;3.41162163451202
2018-05-24;FRANELA;4666666.67;6;28000000.02;31.8418019448563;879347.22;5.306966990809383
2018-05-24;FRANELA;3800000;2;7600000;8.64277480743045;879347.22;4.321387403715225
2018-05-25;FRANELA;6000000;1;6000000;6.43900104650938;931821.56;6.43900104650938
2018-05-25;FRANELILLA;4000000;1;4000000;4.29266736433958;931821.56;4.29266736433958
2018-05-28;FRANELA;6300000;2;12600000;12.717585267271;990754.12;6.3587926336355
2018-05-28;FRANELA;6500000;1;6500000;6.5606590664493;990754.12;6.5606590664493
2018-05-30;FRANELA;6900000;1;6900000;6.03376679535059;1143564.25;6.03376679535059
2018-05-30;FRANELA;7200000;1;7200000;6.29610448210496;1143564.25;6.29610448210496
2018-05-30;TAZA;4500000;1;4500000;3.9350653013156;1143564.25;3.9350653013156
2018-07-01;FRANELA;12666667;3;38000001;11.157598034992;3405751.03;3.7191993449973335
2018-07-02;FRANELA;18000000;1;18000000;5.27762475923769;3410625.2;5.27762475923769
2018-07-03;FRANELA NIÑO;7000000;1;7000000;2.05367568326032;3408522.61;2.05367568326032
2018-07-04;FRANELA;15000000;5;75000000;21.4269440827783;3500265.82;4.28538881655566
2018-07-05;FRANELILLA;12000000;2;24000000;6.85662210648904;3500265.82;3.42831105324452
2018-07-05;FRANELA;14000000;1;14000000;3.99969622878528;3500265.82;3.99969622878528
2018-07-08;FRANELA;16000000;1;16000000;4.57336016276017;3498521.75;4.57336016276017
2018-07-09;FRANELA;8000000;2;16000000;4.5776928825559;3495210.45;2.28884644127795
2018-07-09;FRANELA;16000000;1;16000000;4.5776928825559;3495210.45;4.5776928825559
2018-07-12;FRANELA;15000000;2;30000000;8.79330836268247;3411685.2;4.396654181341235
2018-07-12;FRANELA;17000000;1;17000000;4.9828747388534;3411685.2;4.9828747388534
2018-07-19;TAZA;11000000;1;11000000;2.95531695102637;3722105;2.95531695102637
2018-07-20;FRANELA NIÑO;7000000;3;21000000;5.80137228422569;3619833.2;1.9337907614085632
2018-07-21;FRANELA;17500000;4;70000000;19.3379076140856;3619833.2;4.8344769035214
2018-07-22;TAZA;11000000;1;11000000;3.03881405364203;3619833.2;3.03881405364203
2018-07-24;TAZA;11000000;1;11000000;3.12006018244376;3525573.02;3.12006018244376
2018-07-30;FRANELA;19000000;1;19000000;5.38666210467418;3527230.71;5.38666210467418
2018-07-30;FRANELILLA;18000000;2;36000000;10.2063071456984;3527230.71;5.1031535728492
2018-08-13;FRANELA NIÑO;17333333;3;52000000;12.3656889988315;4205184.2;4.121896332943833
2018-08-13;TAZA;13000000;1;13000000;3.09142224970787;4205184.2;3.09142224970787
2018-08-14;FRANELA;20666667;3;62000000;14.3661884099983;4315688.91;4.788729469999433
2018-08-14;FRANELA NIÑO;11000000;12;132000000;30.5860785503189;4315688.91;2.5488398791932414
2018-08-14;FRANELA;19000000;3;57000000;13.2076248285468;4315688.91;4.4025416095156
2018-08-15;FRANELA;22500000;2;45000000;9.52191501538498;4725940.1;4.76095750769249
2018-08-15;FRANELA;23000000;2;46000000;9.73351312683798;4725940.1;4.86675656341899
2018-08-15;TAZA;13000000;1;13000000;2.750775448889;4725940.1;2.750775448889
2018-09-05;FRANELA;600;1;600;6.64967305774133;90.23;6.64967305774133
2018-09-05;FRANELA;550;1;550;6.09553363626288;90.23;6.09553363626288
2018-09-10;FRANELA;483.33;15;7249.95;79.1133784373636;91.64;5.274225229157573
2018-09-11;FRANELA;700;8;5600;60.6257442892714;92.37;7.578218036158925
2018-09-15;FRANELA;700;1;700;7.53579502637528;92.89;7.53579502637528
2018-09-18;TAZA;450;4;1800;19.495288638579;92.33;4.87382215964475
2018-09-17;FRANELA NIÑO;667;15;10005;108.620128107697;92.11;7.2413418738464665
2018-09-17;FRANELA;737;19;14003;152.024753012702;92.11;8.00130279014221
2018-09-18;CARTUCHERA;350;1;350;3.79075056861259;92.33;3.79075056861259
2018-09-20;FRANELA;775;2;1550;16.7278221454781;92.66;8.36391107273905
2018-09-21;FRANELA;800;1;800;8.59475719810915;93.08;8.59475719810915
2018-09-22;FRANELA;800;1;800;8.59475719810915;93.08;8.59475719810915
2018-09-22;CARTUCHERA;400;1;400;4.29737859905458;93.08;4.29737859905458
2018-09-22;FRANELA NIÑO;658;5;3290;35.3459389772239;93.08;7.069187795444781
2018-09-22;BRAZALETE;240;1;240;2.57842715943275;93.08;2.57842715943275
2018-09-22;FRANELA NIÑO;440;1;440;4.72711645896003;93.08;4.72711645896003
2018-09-22;FRANELA;500;1;500;5.37172324881822;93.08;5.37172324881822
2018-09-22;TRIO;270;1;270;2.90073055436184;93.08;2.90073055436184
2018-09-25;FRANELA;750;1;750;7.78816199376947;96.3;7.78816199376947
2018-09-25;FRANELA;800;1;800;8.3073727933541;96.3;8.3073727933541
2018-09-25;FRANELA;450;1;450;4.67289719626168;96.3;4.67289719626168
2018-09-26;FRANELA;750;4;3000;30.902348578492;97.08;7.725587144623
2018-10-01;FRANELA NIÑO;321;12;3852;39.0827922077922;98.56;3.25689935064935
2018-10-02;FRANELA;700;2;1400;14.1242937853107;99.12;7.06214689265535
2018-10-02;FRANELA NIÑO;350;2;700;7.06214689265537;99.12;3.531073446327685
2018-10-03;FRANELA;500;1;500;4.93388592855733;101.34;4.93388592855733
2018-10-03;FRANELA;750;1;750;7.400828892836;101.34;7.400828892836
2018-10-03;FRANELA NIÑO;400;1;400;3.94710874284587;101.34;3.94710874284587
2018-10-03;FRANELA;675;2;1350;13.3214920071048;101.34;6.6607460035524
2018-10-07;GORRA;700;1;700;6.79809653297077;102.97;6.79809653297077
2018-10-16;FRANELA;800;1;800;5.88019110621095;136.05;5.88019110621095
2018-10-17;FRANELA;850;1;850;5.74984779814652;147.83;5.74984779814652
2018-10-20;FRANELA;550;1;550;3.28632887189292;167.36;3.28632887189292
2018-10-22;FRANELA;400;1;400;2.33453951208124;171.34;2.33453951208124
2018-10-22;FRANELA;700;1;700;4.08544414614217;171.34;4.08544414614217
2018-10-22;FRANELA;1100;1;1100;6.41998365822342;171.34;6.41998365822342
2018-10-22;FRANELA;1000;1;1000;5.83634878020311;171.34;5.83634878020311
2018-10-22;FRANELA;900;1;900;5.25271390218279;171.34;5.25271390218279
2018-10-22;FRANELA;500;2;1000;5.83634878020311;171.34;2.918174390101555
2018-10-22;FRANELA;300;6;1800;10.5054278043656;171.34;1.7509046340609336
2018-10-24;FRANELA;1000;2;2000;10.4673679803214;191.07;5.2336839901607
2018-10-24;FRANELA;1000;1;1000;5.23368399016067;191.07;5.23368399016067
2018-10-27;FRANELA;600;2;1200;5.65211247703829;212.31;2.826056238519145
2018-10-27;FRANELA;1400;1;1400;6.59413122321134;212.31;6.59413122321134
2018-10-27;FRANELA NIÑO;450;5;2250;10.5977108944468;212.31;2.1195421788893603
2018-10-27;FRANELA;550;1;550;2.59055155197588;212.31;2.59055155197588
2018-10-28;FRANELA;550;3;1650;7.77165465592765;212.31;2.5905515519758833
2018-10-29;FRANELA;1200;1;1200;5.21625733536188;230.05;5.21625733536188
2018-10-30;FRANELA;1300;1;1300;5.41035458631596;240.28;5.41035458631596
2018-10-30;FRANELA;650;1;650;2.70517729315798;240.28;2.70517729315798
2018-10-30;FRANELA;700;1;700;2.91326785417013;240.28;2.91326785417013
2018-11-01;FRANELA;1500;1;1500;6.36456211812627;235.68;6.36456211812627
2018-11-01;FRANELA;700;1;700;2.97012898845893;235.68;2.97012898845893
2018-11-02;FRANELA;600;1;600;2.53807106598985;236.4;2.53807106598985
2018-11-02;FRANELA;1400;1;1400;5.92216582064298;236.4;5.92216582064298
2018-11-03;GORRA;900;4;3600;15.2284263959391;236.4;3.807106598984775
2018-11-04;FRANELA;600;12;7200;30.4568527918782;236.4;2.53807106598985
2018-11-23;FRANELA;1100;6;6600;20.2348468589999;326.17;3.3724744764999834
2018-11-05;FRANELA;600;1;600;2.53807106598985;236.4;2.53807106598985
2018-11-04;CARTUCHERA;875;1;875;3.70135363790186;236.4;3.70135363790186
2018-11-04;FRANELA;1650;2;3300;13.9593908629442;236.4;6.9796954314721
2018-11-05;GORRA;1200;2;2400;10.1522842639594;236.4;5.0761421319797
2018-11-05;TAZA;950;1;950;4.01861252115059;236.4;4.01861252115059
2018-11-05;CARTUCHERA;850;1;850;3.59560067681895;236.4;3.59560067681895
2018-11-06;FRANELA;600;2;1200;5.00396146949668;239.81;2.50198073474834
2018-11-06;FRANELA;650;2;1300;5.42095825862141;239.81;2.710479129310705
2018-11-06;FRANELA NIÑO;700;1;700;2.91897752387307;239.81;2.91897752387307
2018-11-06;FRANELA;800;1;800;3.33597431299779;239.81;3.33597431299779
2018-11-06;GORRA;1250;1;1250;5.21245986405905;239.81;5.21245986405905
2018-11-07;GORRA;1300;3;3900;16.1057195952922;242.15;5.368573198430734
2018-11-07;FRANELA;600;1;600;2.47780301466033;242.15;2.47780301466033
2018-11-07;FRANELA;600;2;1200;4.95560602932067;242.15;2.477803014660335
2018-11-07;FRANELA NIÑO;500;4;2000;8.25934338220111;242.15;2.0648358455502773
2018-11-08;FRANELA;650;1;650;2.66776113277242;243.65;2.66776113277242
2018-11-09;GORRA;1430;1;1430;5.7031187684454;250.74;5.7031187684454
2018-11-10;FRANELA;1650;3;4950;19.7415649676956;250.74;6.580521655898533
2018-11-10;FRANELA;1760;1;1760;7.01922309962511;250.74;7.01922309962511
2018-11-10;FRANELA NIÑO;1170;1;1170;4.66618808327351;250.74;4.66618808327351
2018-11-10;FRANELILLA;1040;4;4160;16.5908909627503;250.74;4.147722740687575
2018-11-10;FRANELA NIÑO;800;1;800;3.19055595437505;250.74;3.19055595437505
2018-11-10;FRANELA NIÑO;860;1;860;3.42984765095318;250.74;3.42984765095318
2018-11-10;FRANELA;1690;4;6760;26.9601978144692;250.74;6.7400494536173
2018-11-10;GORRA;1430;1;1430;5.7031187684454;250.74;5.7031187684454
2018-11-10;FRANELA;700;1;700;2.79173646007817;250.74;2.79173646007817
2018-11-10;FRANELA;1690;1;1690;6.74004945361729;250.74;6.74004945361729
2018-11-10;FRANELA;1560;1;1560;6.22158411103135;250.74;6.22158411103135
2018-11-10;FRANELA;1550;1;1550;6.18170216160166;250.74;6.18170216160166
2018-11-14;FRANELILLA;1300;1;1300;4.99826982967434;260.09;4.99826982967434
2018-11-14;FRANELA;1750;1;1750;6.72844015533085;260.09;6.72844015533085
2018-11-14;FRANELA;1700;1;1700;6.53619900803568;260.09;6.53619900803568
2018-11-14;FRANELA;1800;1;1800;6.92068130262602;260.09;6.92068130262602
2018-11-14;FRANELA;1540;1;1540;5.92102733669115;260.09;5.92102733669115
2018-11-14;FRANELA;1900;1;1900;7.30516359721635;260.09;7.30516359721635
2018-11-15;FRANELA;1600;1;1600;6.0755648376685;263.35;6.0755648376685
2018-11-15;FRANELA;2000;1;2000;7.59445604708563;263.35;7.59445604708563
2018-11-17;GORRA;1250;6;7500;27.735660663437;270.41;4.622610110572833
2018-11-17;FRANELA NIÑO;883;6;5298;19.5924706926519;270.41;3.26541178210865
2018-11-17;FRANELA;1858;5;9290;34.3552383417773;270.41;6.871047668355461
2018-11-17;GORRA;1680;1;1680;6.21278798860989;270.41;6.21278798860989
2018-11-17;GORRA;1600;1;1600;5.91694094153323;270.41;5.91694094153323
2018-11-17;PORTA COSMETICO;1350;6;8100;29.954513516512;270.41;4.992418919418667
2018-11-17;TULA;1467;2;2934;10.8501904515366;270.41;5.4250952257683
2018-11-17;BANDOLERA;1467;1;1467;5.42509522576828;270.41;5.42509522576828
2018-11-21;FRANELA;1500;2;3000;9.6373156863375;311.29;4.81865784316875
2018-11-21;FRANELA;1400;2;2800;8.994827973915;311.29;4.4974139869575
2018-11-23;GORRA;2100;1;2100;6.43836036422724;326.17;6.43836036422724
2018-11-24;CARTUCHERA;1850;1;1850;5.67188889229543;326.17;5.67188889229543
2018-11-24;FRANELILLA;1300;2;2600;7.97130330809087;326.17;3.985651654045435
2018-11-26;FRANELA;1000;1;1000;3.00084023526587;333.24;3.00084023526587
2018-11-30;VASO;950;4;3800;9.35614920595839;406.15;2.3390373014895975
2018-11-30;CARTUCHERA;1800;1;1800;4.43186015019082;406.15;4.43186015019082
2018-12-01;VASO;0;3; -   ;25;406.15;8.333333333333334
2018-12-01;FRANELA;2600;1;2600;6.40157577249785;406.15;6.40157577249785
2018-12-01;VASO;1000;2;2000;4.92428905576757;406.15;2.462144527883785
2018-12-01;VASO;0;5; -   ;10;406.15;2.0
2018-12-01;TAZA;0;1; -   ;5.5;406.15;5.5
2018-12-01;FRANELA NIÑO;0;4; -   ;20;406.15;5.0
2018-12-01;FRANELA;0;1; -   ;7;406.15;7.0
2018-12-01;GORRA;0;1; -   ;7;406.15;7.0
2018-12-01;VIAJERA;0;2; -   ;10;406.15;5.0
2018-12-01;GORRA;2750;1;2750;6.77089745168041;406.15;6.77089745168041
2018-12-01;MANILLA;1000;1;1000;2.46214452788379;406.15;2.46214452788379
2018-12-01;VASO;900;1;900;2.21593007509541;406.15;2.21593007509541
2018-12-03;VASO;1220;1;1220;2.88048354346697;423.54;2.88048354346697
2018-12-04;GORRA;2750;1;2750;5.89888242991055;466.19;5.89888242991055
2018-12-04;BANDOLERA;3570;1;3570;7.65782191810206;466.19;7.65782191810206
2018-12-04;FRANELA;2250;2;4500;9.65271670348999;466.19;4.826358351744995
2018-12-04;FRANELA;1500;3;4500;9.65271670348999;466.19;3.217572234496663
2018-12-04;FRANELA;2250;1;2250;4.826358351745;466.19;4.826358351745
2018-12-04;FRANELA;3500;1;3500;7.50766854715888;466.19;7.50766854715888
2018-12-04;TAZA;2000;3;6000;12.8702889379867;466.19;4.290096312662233
2018-12-04;LLAVERO;1000;1;1000;2.14504815633111;466.19;2.14504815633111
2018-12-04;FRANELA;4000;1;4000;8.58019262532444;466.19;8.58019262532444
2018-12-04;CARTUCHERA;2750;1;2750;5.89888242991055;466.19;5.89888242991055
2018-12-04;FRANELA;1200;1;1200;2.57405778759733;466.19;2.57405778759733
2018-12-04;FRANELA;3000;1;3000;6.43514446899333;466.19;6.43514446899333
2018-12-05;FRANELA;0;3; -   ;21;498.64;7.0
2018-12-05;GORRA;0;2; -   ;16;498.64;8.0
2018-12-06;TAZA;2400;1;2400;4.55278383761738;527.15;4.55278383761738
2018-12-07;FRANELA NIÑO;0;4; -   ;20;530.74;5.0
2018-12-08;BANDOLERA;4200;1;4200;7.91347929306252;530.74;7.91347929306252
2018-12-08;TAZA;2700;1;2700;5.08723668839733;530.74;5.08723668839733
2018-12-08;BANDOLERA;4200;1;4200;7.91347929306252;530.74;7.91347929306252
2018-12-08;FRANELA;4800;1;4800;9.04397633492859;530.74;9.04397633492859
2018-12-08;TAZA;2700;1;2700;5.08723668839733;530.74;5.08723668839733
2018-12-09;TAZA;2700;1;2700;5.08723668839733;530.74;5.08723668839733
2018-12-09;VASO;1800;6;10800;20.3489467535893;530.74;3.3914911255982165
2018-12-09;PULSERITA;2500;2;5000;9.42080868221728;530.74;4.71040434110864
2018-12-10;CARTUCHERA;0;2; -   ;20;550.29;10.0
2018-12-10;VASO;1800;1;1800;3.27100256228534;550.29;3.27100256228534
2018-12-12;VASO;1800;5;9000;15.431304974024;583.23;3.0862609948048
2018-12-12;FRANELA;0;3; -   ;nan;583.23;nan
2018-12-12;FRANELA;0;1; -   ;34;583.23;34.0
2018-12-13;VASO;2500;1;2500;4.15911094844366;601.09;4.15911094844366
2018-12-13;PORTA COSMETICO;4200;1;4200;6.98730639338535;601.09;6.98730639338535
2018-12-13;FRANELA;0;3; -   ;20;601.09;6.666666666666667
2018-12-13;TULA;6500;2;13000;21.627376931907;601.09;10.8136884659535
2018-12-13;CARTUCHERA;3300;5;16500;27.4501322597282;601.09;5.49002645194564
2018-12-13;FRANELA;0;11; -   ;nan;601.09;nan
2018-12-13;FRANELA;25000;2;50000;83.1822189688732;601.09;41.5911094844366
2018-12-13;GORRA;0;4; -   ;nan;601.09;nan
2018-12-15;GORRA;4200;1;4200;6.48859089434411;647.29;6.48859089434411
2018-12-15;FRANELA;0;2; -   ;10;647.29;5.0
2018-12-15;FRANELA;6400;1;6400;9.88737660090531;647.29;9.88737660090531
2018-12-21;VASO;0;6; -   ;18;686.73;3.0
2018-12-21;FRANELA;0;4; -   ;28;686.73;7.0
2018-12-21;FRANELA;0;2; -   ;12;686.73;6.0
2018-12-21;FRANELA NIÑO;0;1; -   ;4;686.73;4.0
2018-12-21;FRANELA;0;4; -   ;30;686.73;7.5
2018-12-21;GORRA;0;7; -   ;42;686.73;6.0
2018-12-21;FRANELA;8500;2;17000;24.7549983253972;686.73;12.3774991626986
2018-12-21;TULA;7650;2;15300;22.2794984928575;686.73;11.13974924642875
2018-12-21;FRANELA NIÑO;3400;1;3400;4.95099966507944;686.73;4.95099966507944
2018-12-21;FRANELA NIÑO;4500;1;4500;6.55279367436984;686.73;6.55279367436984
2018-12-21;PULSERITA;3600;1;3600;5.24223493949587;686.73;5.24223493949587
2018-12-21;VASO;2300;1;2300;3.34920565578903;686.73;3.34920565578903
2018-12-23;VASO;0;8; -   ;20;686.73;2.5
2018-12-24;TULA;7650;1;7650;11.1397492464287;686.73;11.1397492464287
2018-12-26;VASO;2550;4;10200;14.8529989952383;686.73;3.713249748809575
2018-12-27;FRANELA;0;1; -   ;9;710.54;9.0
2019-01-03;VASO;2200;9;19800;24.4155075466114;810.96;2.7128341718457114
2019-01-07;FRANELA;10000;1;10000;10.9808055518953;910.68;10.9808055518953
2019-01-07;PULSERA;2500;1;2500;2.74520138797382;910.68;2.74520138797382
2019-01-07;PULSERA;1500;1;1500;1.64712083278429;910.68;1.64712083278429
2019-01-08;GORRA;8450;1;8450;8.61058745605543;981.35;8.61058745605543
2019-01-08;FRANELA;0;1; -   ;7;981.35;7.0
2019-01-10;FRANELA;0;2; -   ;20;1890.12;10.0
2019-01-17;FRANELA;27000;1;27000;9.14640343091755;2951.98;9.14640343091755
2019-01-18;FRANELA;12000;1;12000;4.13383995838601;2902.87;4.13383995838601
2019-01-19;VASO;8000;1;8000;2.75589330559067;2902.87;2.75589330559067
2019-01-19;GORRA;17500;1;17500;6.0285166059796;2902.87;6.0285166059796
2019-01-22;FRANELA;10000;1;10000;4.11265381325262;2431.52;4.11265381325262
2019-01-22;FRANELA;0;2; -   ;20;2431.52;10.0
2019-01-23;FRANELA;0;1; -   ;12;2380.61;12.0
2019-01-26;FRANELA;30000;1;30000;11.7148145544856;2560.86;11.7148145544856
2019-01-26;PULSERITA;2000;3;6000;2.34296291089712;2560.86;0.7809876369657066
2019-01-26;FRANELA;25000;1;25000;9.76234546207134;2560.86;9.76234546207134
2019-01-26;COLLAR MAPA;8000;1;8000;3.12395054786283;2560.86;3.12395054786283
2019-01-26;PULSERA;6000;1;6000;2.34296291089712;2560.86;2.34296291089712
2019-01-29;CARTUCHERA;13000;1;13000;4.06743176101022;3196.12;4.06743176101022
2019-02-05;TAZA;0;1; -   ;4;2486.25;4.0
2019-02-05;VASO;0;1; -   ;3;2486.25;3.0
2019-02-07;PULSERA;0;2; -   ;7;2808.33;3.5
2019-02-07;GORRA;0;1; -   ;8;2808.33;8.0
2019-02-08;COLLAR MAPA;0;1; -   ;5;3120.46;5.0
2019-02-08;FRANELA;25000;1;25000;8.01163930958897;3120.46;8.01163930958897
2019-02-08;FRANELA;35000;2;70000;22.4325900668491;3120.46;11.21629503342455
2019-02-08;FRANELA;30000;2;60000;19.2279343430135;3120.46;9.61396717150675
2019-02-08;VASO;10000;3;30000;9.61396717150677;3120.46;3.20465572383559
2019-02-08;FRANELA;28000;2;56000;17.9460720534793;3120.46;8.97303602673965
2019-02-08;FRANELA;0;1; -   ;9;3120.46;9.0
2019-02-08;VASO;0;6; -   ;24;3120.46;4.0
2019-02-08;CARTUCHERA;0;1; -   ;5;3120.46;5.0
2019-02-08;FRANELA;25000;2;50000;16.0232786191779;3120.46;8.01163930958895
2019-02-08;FRANELA;35000;1;35000;11.2162950334246;3120.46;11.2162950334246
2019-02-08;FRANELA;30000;1;30000;9.61396717150677;3120.46;9.61396717150677
2019-02-08;GORRA;20000;1;20000;6.40931144767118;3120.46;6.40931144767118
2019-02-08;VASO;12000;1;12000;3.84558686860271;3120.46;3.84558686860271
2019-02-08;FRANELA NIÑO;15000;2;30000;9.61396717150677;3120.46;4.806983585753385
2019-02-08;PULSERA;8000;1;8000;2.56372457906847;3120.46;2.56372457906847
2019-02-08;FRANELA NIÑO;15000;1;15000;4.80698358575338;3120.46;4.80698358575338
2019-02-08;VASO;12000;1;12000;3.84558686860271;3120.46;3.84558686860271
2019-02-08;FRANELILLA;18000;2;36000;11.5367606058081;3120.46;5.76838030290405
2019-02-08;FRANELA NIÑO;10000;1;10000;3.20465572383559;3120.46;3.20465572383559
2019-02-13;FRANELA;28000;2;56000;17.2123916925621;3253.47;8.60619584628105
2019-02-13;FRANELA;0;2; -   ;20;3253.47;10.0
2019-02-13;FRANELA;20000;5;100000;30.736413736718;3253.47;6.1472827473436
2019-02-13;FRANELA;0;1; -   ;12;3253.47;12.0
2019-02-13;TAZA;0;1; -   ;5;3253.47;5.0
2019-02-13;BANDOLERA;0;1; -   ;8;3253.47;8.0
2019-02-13;VIAJERA;0;2; -   ;10;3253.47;5.0
2019-02-13;FRANELA;0;1; -   ;5;3253.47;5.0
2019-02-13;FRANELA;35000;1;35000;10.7577448078513;3253.47;10.7577448078513
2019-02-13;FRANELA;0;3; -   ;27;3253.47;9.0
2019-02-14;TAZA;15000;2;30000;9.38923055255622;3195.15;4.69461527627811
2019-02-14;FRANELA NIÑO;10000;1;10000;3.12974351751874;3195.15;3.12974351751874
2019-02-14;VASO;12000;1;12000;3.75569222102249;3195.15;3.75569222102249
2019-02-15;BODY BEBE;5500;2;11000;3.65391450504406;3010.47;1.82695725252203
2019-02-16;FRANELA;25000;1;25000;8.30435114782742;3010.47;8.30435114782742
2019-02-16;FRANELA;20000;1;20000;6.64348091826193;3010.47;6.64348091826193
2019-02-16;CARTUCHERA;15000;1;15000;4.98261068869645;3010.47;4.98261068869645
2019-02-18;FRANELA;0;2; -   ;22;3015.58;11.0
2019-02-19;VASO;12000;4;48000;15.0923462938857;3180.42;3.773086573471425
2019-02-19;TAZA;15000;1;15000;4.71635821683929;3180.42;4.71635821683929
2019-02-20;FRANELA NIÑO;10000;1;10000;3.0113769822389;3320.74;3.0113769822389
2019-02-20;FRANELILLA;18000;1;18000;5.42047856803002;3320.74;5.42047856803002
2019-02-20;FRANELA NIÑO;10000;3;30000;9.0341309467167;3320.74;3.0113769822389003
2019-02-20;FRANELA NIÑO;0;1; -   ;5;3320.74;5.0
2019-02-26;FRANELA NIÑO;10000;3;30000;8.06427766920871;3720.11;2.6880925564029035
2019-02-26;FRANELA;45000;1;45000;12.0964165038131;3720.11;12.0964165038131
2019-02-26;FRANELA;40000;1;40000;10.7523702256116;3720.11;10.7523702256116
2019-02-26;FRANELA;20000;2;40000;10.7523702256116;3720.11;5.3761851128058
2019-02-26;FRANELA;25000;1;25000;6.72023139100726;3720.11;6.72023139100726
2019-02-26;FRANELA;15000;2;30000;8.06427766920871;3720.11;4.032138834604355
2019-02-26;FRANELA;0;1; -   ;10;3720.11;10.0
2019-02-26;FRANELA NIÑO;10000;1;10000;2.6880925564029;3720.11;2.6880925564029
2019-02-27;FRANELA NIÑO;15000;1;15000;4.02885736233394;3723.14;4.02885736233394
2019-02-27;FRANELA NIÑO;10000;15;150000;40.2885736233394;3723.14;2.6859049082226267
2019-02-28;FRANELA NIÑO;10000;1;10000;2.7018848348608;3701.12;2.7018848348608
2019-02-28;FRANELA NIÑO;10000;15;150000;40.528272522912;3701.12;2.7018848348607998
2019-03-01;FRANELA NIÑO;10000;7;70000;18.8404509865668;3715.41;2.6914929980809714
2019-03-01;FRANELA;25000;1;25000;6.72873249520241;3715.41;6.72873249520241
2019-03-01;FRANELA;15000;1;15000;4.03723949712145;3715.41;4.03723949712145
2019-03-01;PULSERA;12000;1;12000;3.22979159769716;3715.41;3.22979159769716
2019-03-01;FRANELA;0;3; -   ;30;3715.41;10.0
2019-03-01;FRANELA;38000;6;228000;61.366040356246;3715.41;10.227673392707667
2019-03-01;FRANELA;0;21; -   ;150;3715.41;7.142857142857143
2019-03-03;FRANELA;25000;6;150000;40.3723949712145;3715.41;6.728732495202416
2019-03-04;FRANELA;30000;2;60000;16.1489579884858;3715.41;8.0744789942429
2019-03-13;VASO;0;16; -   ;98;3478.14;6.125
2019-03-15;FRANELA;30000;1;30000;8.59502806276663;3490.39;8.59502806276663
2019-03-16;FRANELA;46500;2;93000;26.6445869945765;3490.39;13.32229349728825
2019-03-16;FRANELA;18000;3;54000;15.4710505129799;3490.39;5.157016837659967
2019-03-16;PULSERA;10000;1;10000;2.86500935425554;3490.39;2.86500935425554
2019-03-16;FRANELA NIÑO;10000;2;20000;5.73001870851108;3490.39;2.86500935425554
2019-03-21;FRANELA;0;3; -   ;30;3427.24;10.0
2019-03-22;FRANELA;28000;6;168000;48.4863877352528;3464.89;8.081064622542133
2019-03-23;BRAZALETE;16000;1;16000;4.61775121288122;3464.89;4.61775121288122
2019-03-28;FRANELA;48000;5;240000;66.1049581472984;3630.59;13.22099162945968
2019-04-04;FRANELA;22500;2;45000;12.0941732960654;3720.8;6.0470866480327
2019-04-04;FRANELA;48000;1;48000;12.9004515158031;3720.8;12.9004515158031
2019-04-04;FRANELA;40000;2;80000;21.5007525263384;3720.8;10.7503762631692
2019-04-04;FRANELA;28000;6;168000;45.1515803053107;3720.8;7.525263384218451
2019-04-04;FRANELA;35000;2;70000;18.8131584605461;3720.8;9.40657923027305
2019-04-04;FRANELA;45000;1;45000;12.0941732960654;3720.8;12.0941732960654
2019-04-04;FRANELA;40000;1;40000;10.7503762631692;3720.8;10.7503762631692
2019-04-04;FRANELA;46000;1;46000;12.3629327026446;3720.8;12.3629327026446
2019-04-04;VASO;18000;1;18000;4.83766931842615;3720.8;4.83766931842615
2019-04-05;VIAJERA;24000;1;24000;6.33302195975365;3789.66;6.33302195975365
2019-04-06;FRANELA;40000;1;40000;10.5550365995894;3789.66;10.5550365995894
2019-04-06;FRANELA;45000;1;45000;11.8744161745381;3789.66;11.8744161745381
2019-04-07;FRANELA;40000;2;80000;21.1100731991788;3789.66;10.5550365995894
2019-04-08;FRANELA;35000;2;70000;18.4252225503667;3799.14;9.21261127518335
2019-04-10;FRANELA;40000;1;40000;9.97638091817622;4009.47;9.97638091817622
2019-04-11;FRANELA;30000;2;60000;14.9239995323813;4020.37;7.46199976619065
2019-04-12;FRANELA NIÑO;20000;2;40000;8.87299636650799;4508.06;4.436498183253995
2019-04-13;FRANELA;55000;1;55000;12.2003700039485;4508.06;12.2003700039485
2019-04-13;GORRA;45000;1;45000;9.98212091232149;4508.06;9.98212091232149
2019-04-14;FRANELA;63000;2;126000;27.9499385545002;4508.06;13.9749692772501
2019-04-14;FRANELA;67500;1;67500;14.9731813684822;4508.06;14.9731813684822
2019-04-17;FRANELA;50000;2;100000;20.0693999851486;4982.71;10.0346999925743
2019-04-17;FRANELA NIÑO;15000;1;15000;3.0104099977723;4982.71;3.0104099977723
2019-04-23;FRANELA;0;2; -   ;20;5286.41;10.0
2019-04-23;COLLAR MAPA;25000;1;25000;4.72910727696111;5286.41;4.72910727696111
2019-04-23;BANDOLERA;45000;1;45000;8.51239309853001;5286.41;8.51239309853001
2019-04-23;FRANELA;0;5; -   ;50;5286.41;10.0
2019-04-24;TAZA;23000;1;23000;4.36459139833918;5269.68;4.36459139833918
2019-04-25;FRANELA;39200;1;39200;7.27377987909197;5389.22;7.27377987909197
2019-04-25;BODY BEBE;0;1; -   ;3;5389.22;3.0
2019-04-27;FRANELA;0;1; -   ;10;5627.63;10.0
2019-04-28;FRANELA NIÑO;0;2; -   ;29;5627.63;14.5
2019-04-29;FRANELA;70000;1;70000;12.0404421250348;5813.74;12.0404421250348
2019-04-29;FRANELA;80000;1;80000;13.7605052857541;5813.74;13.7605052857541
2019-05-01;FRANELA NIÑO;0;2; -   ;9;6124.24;4.5
2019-05-02;TAZA;0;1; -   ;4;6138.22;4.0
2019-05-03;FRANELA;72000;1;72000;11.7775225981215;6113.34;11.7775225981215
2019-05-03;FRANELA;66000;1;66000;10.7960623816114;6113.34;10.7960623816114
2019-05-03;FRANELA;54000;1;54000;8.83314194859111;6113.34;8.83314194859111
2019-05-03;FRANELA NIÑO;42000;1;42000;6.87022151557087;6113.34;6.87022151557087
2019-05-03;FRANELA NIÑO;42000;1;42000;6.87022151557087;6113.34;6.87022151557087
2019-05-03;GORRA;0;1; -   ;10;6113.34;10.0
2019-05-03;CARTUCHERA;0;1; -   ;5;6113.34;5.0
2019-05-06;ESTAMPADO;0;1; -   ;15;6011.61;15.0
2019-05-06;FRANELA NIÑO;0;2; -   ;14;6011.61;7.0
2019-05-06;FRANELA;0;1; -   ;10;6011.61;10.0
2019-05-06;FRANELA;0;1; -   ;13;6011.61;13.0
2019-05-06;PULSERA;0;1; -   ;3;6011.61;3.0
2019-05-06;FRANELA;0;1; -   ;10;6011.61;10.0
2019-05-07;FRANELA;0;2; -   ;26;6009.44;13.0
2019-05-07;FRANELA;0;1; -   ;10;6009.44;10.0
2019-05-07;FRANELA;0;1; -   ;10;6009.44;10.0
2019-05-07;FRANELA;0;1; -   ;3;6009.44;3.0
2019-05-09;PORTA COSMETICO;42000;1;42000;7.2162344657667;5820.21;7.2162344657667
2019-05-09;GORRA;0;1; -   ;10;5820.21;10.0
2019-05-10;FRANELA;0;2; -   ;22;5790.21;11.0
2019-05-10;FRANELA;0;1; -   ;6;5790.21;6.0
2019-05-10;FRANELA;0;6; -   ;48;5790.21;8.0
2019-05-10;PULSERA;12000;1;12000;2.07246369302668;5790.21;2.07246369302668
2019-05-11;FRANELA;0;4; -   ;32;5790.21;8.0
2019-05-11;FRANELA;0;3; -   ;15;5790.21;5.0
2019-05-12;GORRA;60000;1;60000;10.3623184651334;5790.21;10.3623184651334
2019-05-12;FRANELA;0;2; -   ;24;5790.21;12.0
2019-05-12;FRANELA NIÑO;0;3; -   ;16;5790.21;5.333333333333333
2019-05-12;COLLAR MAPA;28500;1;28500;4.92210127093836;5790.21;4.92210127093836
2019-05-12;FRANELA;0;1; -   ;12;5790.21;12.0
2019-05-12;PULSERA;0;1; -   ;3;5790.21;3.0
2019-05-12;FRANELA NIÑO;0;1; -   ;3;5790.21;3.0
2019-05-12;BODY BEBE;0;1; -   ;2;5790.21;2.0
2019-05-14;GORRA;0;1; -   ;10;5602.74;10.0
2019-05-14;LLAVERO;0;4; -   ;8;5602.74;2.0
2019-05-14;VASO;0;2; -   ;8;5602.74;4.0
2019-05-14;FRANELA;84000;1;84000;14.9926643035372;5602.74;14.9926643035372
2019-05-14;VASO;24000;4;96000;17.1344734897568;5602.74;4.2836183724392
2019-05-14;PORTA COSMETICO;30000;1;30000;5.354522965549;5602.74;5.354522965549
2019-05-17;FRANELA;60000;1;60000;10.5153576798915;5705.94;10.5153576798915
2019-05-17;FRANELA;0;1; -   ;14;5705.94;14.0
2019-05-17;FRANELA;0;1; -   ;13;5705.94;13.0
2019-05-17;FRANELA;0;1; -   ;7;5705.94;7.0
2019-05-18;VASO;24000;2;48000;8.41228614391319;5705.94;4.206143071956595
2019-05-18;FRANELA;80000;3;240000;42.0614307195659;5705.94;14.020476906521965
2019-05-19;FRANELA NIÑO;62000;2;124000;21.7317392051091;5705.94;10.86586960255455
2019-05-19;FRANELA;74000;1;74000;12.9689411385328;5705.94;12.9689411385328
2019-05-20;FRANELA;66000;2;132000;22.7816379997722;5794.14;11.3908189998861
2019-05-20;FRANELA NIÑO;20000;2;40000;6.90352666659763;5794.14;3.451763333298815
2019-05-21;FRANELA;0;2; -   ;20;5777.33;10.0
2019-05-22;FRANELA;72000;1;72000;12.4064561819476;5803.43;12.4064561819476
2019-05-22;FRANELA;0;2; -   ;nan;5803.43;nan
2019-05-22;PULSERA;20000;1;20000;3.44623782831877;5803.43;3.44623782831877
2019-05-22;FRANELA NIÑO;21000;1;21000;3.61854971973471;5803.43;3.61854971973471
2019-05-23;FRANELA;0;1; -   ;17;5885.22;17.0
2019-05-24;VASO;25200;1;25200;4.25788595962105;5918.43;4.25788595962105
2019-05-24;LLAVERO;15750;1;15750;2.66117872476315;5918.43;2.66117872476315
2019-05-24;LLAVERO;15750;2;31500;5.32235744952631;5918.43;2.661178724763155
2019-05-24;LLAVERO;15750;2;31500;5.32235744952631;5918.43;2.661178724763155
2019-05-24;VASO;25200;1;25200;4.25788595962105;5918.43;4.25788595962105
2019-05-24;FRANELA;81900;1;81900;13.8381293687684;5918.43;13.8381293687684
2019-05-24;FRANELA NIÑO;44100;1;44100;7.45130042933683;5918.43;7.45130042933683
2019-05-25;FRANELA;50000;1;50000;8.44818642781954;5918.43;8.44818642781954
2019-05-25;GORRA;0;1; -   ;10;5918.43;10.0
2019-05-25;FRANELA;0;1; -   ;14;5918.43;14.0
2019-05-25;BODY BEBE;0;1; -   ;3;5918.43;3.0
2019-05-25;FRANELA NIÑO;0;1; -   ;3;5918.43;3.0
2019-05-27;FRANELA;0;1; -   ;14;5948.63;14.0
2019-05-28;FRANELA NIÑO;20000;2;40000;6.45524658235039;6196.51;3.227623291175195
2019-05-28;FRANELA;80000;3;240000;38.7314794941023;6196.51;12.910493164700767
2019-05-28;FRANELA;90000;1;90000;14.5243048102884;6196.51;14.5243048102884
2019-05-28;FRANELA;45000;1;45000;7.26215240514419;6196.51;7.26215240514419
2019-05-28;TAZA;0;1; -   ;4;6196.51;4.0
2019-05-28;FRANELA;0;1; -   ;16;6196.51;16.0
2019-05-28;FRANELA;81900;1;81900;13.2171173773624;6196.51;13.2171173773624
2019-05-30;FRANELA;80000;4;320000;51.0177238761353;6272.33;12.754430969033825
2019-05-30;ESTAMPADO;20000;2;40000;6.37721548451692;6272.33;3.18860774225846
2019-05-30;PULSERA;10000;1;10000;1.59430387112923;6272.33;1.59430387112923
